user_id,amount,timestamp,anomaly_score,is_anomaly,risk_score
user_001,136.84939927834887,2024-01-01 04:00:00,0.10431769137079505,0,11
user_001,192.4589326814192,2024-01-01 08:00:00,0.11950234963856993,0,6
user_001,225.57201595393894,2024-01-02 14:00:00,0.0713047130836249,0,19
user_001,39.38799143329547,2024-01-04 14:00:00,-0.0012675209568974166,1,39
user_001,173.67779940619792,2024-01-04 23:00:00,0.11984677445098135,0,6
user_001,210.9135233535449,2024-01-05 07:00:00,0.12239503781263245,0,6
user_001,94.53734767070742,2024-01-05 22:00:00,0.1286328255642934,0,4
user_001,82.2712248781743,2024-01-06 12:00:00,0.12973476529969263,0,4
user_001,32.320750905007216,2024-01-06 18:00:00,0.11527158221474337,0,8
user_001,46.07096696790304,2024-01-07 01:00:00,0.1271800959182099,0,4
user_001,167.3731303350966,2024-01-07 19:00:00,0.11741989337388298,0,7
user_001,115.01042570738795,2024-01-09 01:00:00,0.0839901088527914,0,16
user_001,100.53862436403332,2024-01-09 08:00:00,0.13015735611938156,0,4
user_001,281.0458604861814,2024-01-09 23:00:00,0.11450961732322817,0,8
user_001,106.84524982020537,2024-01-10 10:00:00,0.13254667447869045,0,3
user_001,70.24787159490914,2024-01-11 20:00:00,0.05346991947882218,0,24
user_001,391.53612242838983,2024-01-13 00:00:00,0.04827469135002482,0,25
user_001,28.681699876131606,2024-01-13 16:00:00,0.09802893071513086,0,12
user_001,993.2035351632028,2024-01-13 22:00:00,-0.018226754736042405,1,43
user_001,177.96499007030903,2024-01-14 11:00:00,0.12029662053058943,0,6
user_001,34.40642581780854,2024-01-15 05:00:00,0.0911534915633197,0,14
user_001,120.75467897340879,2024-01-15 13:00:00,0.12773574038668173,0,4
user_001,72.18336235616675,2024-01-15 21:00:00,0.12954076573587547,0,4
user_001,85.09930376729798,2024-01-16 12:00:00,0.1284249733387342,0,4
user_001,12.778133613908151,2024-01-17 00:00:00,0.08675231184778864,0,15
user_001,136.43317234053626,2024-01-17 18:00:00,0.11618424689733442,0,7
user_001,389.9123646935613,2024-01-18 11:00:00,0.08546612756607008,0,16
user_001,113.90253957789602,2024-01-19 20:00:00,0.06910118885065747,0,20
user_001,255.33082150746446,2024-01-20 03:00:00,0.11770577478772526,0,7
user_001,199.88860790609155,2024-01-20 10:00:00,0.1259797733307187,0,5
user_001,136.63584403695648,2024-01-20 19:00:00,0.1245328344052371,0,5
user_001,50.76752986101862,2024-01-21 02:00:00,0.1303765256635836,0,4
user_001,58.192412203177376,2024-01-21 07:00:00,0.12486076252606132,0,5
user_001,103.91033487827045,2024-01-23 20:00:00,-0.025443134750698593,1,45
user_001,379.8772231462062,2024-01-24 00:00:00,0.09677996722257287,0,13
user_001,71.10385471050107,2024-01-24 01:00:00,0.10145405817962933,0,11
user_001,152.6200432499154,2024-01-24 04:00:00,0.11796986924194058,0,7
user_001,609.2450424981563,2024-01-24 22:00:00,0.03759583390736476,0,28
user_001,257.61993432559245,2024-01-25 07:00:00,0.1129508502237111,0,8
user_001,652.3414071915792,2024-01-25 07:00:00,-0.0035204056663484806,1,39
user_001,199.7336388653046,2024-01-27 03:00:00,0.025185745521371206,0,32
user_001,63.64929768107095,2024-01-27 13:00:00,0.12965847803725516,0,4
user_001,113.30306626696729,2024-01-27 15:00:00,0.11897505342459747,0,7
user_001,114.55957877323013,2024-01-27 15:00:00,0.07067699606603084,0,20
user_001,205.78773480282229,2024-01-27 18:00:00,0.11623143418679954,0,7
user_001,48.4037524215585,2024-01-28 10:00:00,0.11217340626146194,0,8
user_001,17.2564260487182,2024-01-28 10:00:00,0.04364492587057495,0,27
user_001,1879.368512398723,2024-01-28 12:00:00,-0.1525827311560668,1,79
user_001,600.0899140467419,2024-01-28 19:00:00,0.06315650173246579,0,22
user_001,178.55573920498193,2024-01-29 01:00:00,0.1243317188561488,0,5
user_001,89.58833114756365,2024-01-29 02:00:00,0.10041382992380976,0,12
user_001,25.56951956218307,2024-01-29 16:00:00,0.10072173346021762,0,12
user_001,866.6948328561041,2024-01-30 12:00:00,-0.030147510810961675,1,46
user_001,135.86440155866075,2024-01-30 18:00:00,0.12694659308629397,0,5
user_002,86.15328851567008,2024-01-01 14:00:00,0.02619276567517459,0,31
user_002,468.85358345793367,2024-01-01 21:00:00,0.012522462560132563,0,35
user_002,1006.9812833463269,2024-01-02 03:00:00,-0.06953840587397997,1,57
user_002,302.8990525824576,2024-01-02 14:00:00,0.04126416017907103,0,27
user_002,197.52504584873958,2024-01-02 15:00:00,0.04336342505166618,0,27
user_002,139.62448578170867,2024-01-02 19:00:00,0.0770240402714733,0,18
user_002,175.04144914040495,2024-01-03 02:00:00,0.07060443627785601,0,20
user_002,713.4487619243705,2024-01-05 18:00:00,-0.14166075884223706,1,76
user_002,239.60214670703812,2024-01-05 21:00:00,0.05552734804085663,0,24
user_002,32.35728308231742,2024-01-06 05:00:00,0.044857559647820566,0,26
user_002,308.6292022109854,2024-01-06 10:00:00,0.053477959399336694,0,24
user_002,64.85194619857378,2024-01-07 09:00:00,0.019874511443718434,0,33
user_002,43.38573158632646,2024-01-07 12:00:00,0.051839564404881966,0,25
user_002,88.15407895525288,2024-01-07 15:00:00,0.06549827489916044,0,21
user_002,26.056994139993762,2024-01-07 18:00:00,0.03872460141821521,0,28
user_002,174.40029899231791,2024-01-08 10:00:00,0.05192937953297916,0,25
user_002,739.6073903555556,2024-01-08 19:00:00,-0.031223906490066344,1,47
user_002,286.9321189459464,2024-01-08 19:00:00,0.0068518286218439695,0,37
user_002,372.9146611506674,2024-01-09 07:00:00,0.019582251067542633,0,33
user_002,95.41482615165351,2024-01-10 08:00:00,0.024431983667424162,0,32
user_002,261.4598879862869,2024-01-10 09:00:00,0.03456395126236855,0,29
user_002,302.5575446132475,2024-01-11 12:00:00,-0.002614586035954325,1,39
user_002,188.84470247884286,2024-01-12 02:00:00,0.04625386861290637,0,26
user_002,42.455674375784625,2024-01-12 06:00:00,0.057974064813948456,0,23
user_002,11.819048117889285,2024-01-12 08:00:00,0.016475959095038073,0,34
user_002,144.06644868070128,2024-01-12 12:00:00,0.07681023567435763,0,18
user_002,107.59528896908962,2024-01-12 17:00:00,0.07594804095497065,0,18
user_002,499.8308046520692,2024-01-12 21:00:00,0.012583462443357174,0,35
user_002,164.31150928036135,2024-01-14 04:00:00,0.006751650467761938,0,37
user_002,405.9754984821049,2024-01-14 08:00:00,0.034362706045447666,0,29
user_002,80.25645017905089,2024-01-14 11:00:00,0.06235810437256589,0,22
user_002,25.827840907196705,2024-01-14 15:00:00,0.04569284650750732,0,26
user_002,181.2966099778019,2024-01-14 22:00:00,0.06926744613521457,0,20
user_002,382.77211842532785,2024-01-15 03:00:00,0.044886817599721685,0,26
user_002,30.57788175968262,2024-01-15 07:00:00,0.04720816650663795,0,26
user_002,241.78383408211315,2024-01-15 12:00:00,0.062414765942995554,0,22
user_002,534.9102206573249,2024-01-15 13:00:00,-0.019310088675508874,1,44
user_002,75.03582129654049,2024-01-16 00:00:00,0.05605000262410703,0,23
user_002,305.35232497915064,2024-01-16 04:00:00,0.05093101535905409,0,25
user_002,103.03278828711805,2024-01-17 17:00:00,-0.014073167402665954,1,42
user_002,249.60314244751729,2024-01-17 21:00:00,0.06274012074294422,0,22
user_002,718.7066518070425,2024-01-18 03:00:00,-0.031084653447649324,1,47
user_002,31.675246438360666,2024-01-18 18:00:00,0.03258631592914363,0,30
user_002,457.94687865879405,2024-01-18 21:00:00,0.010626528838285632,0,36
user_002,109.52310861477072,2024-01-19 05:00:00,0.06594668178153867,0,21
user_002,45.85618644450564,2024-01-19 16:00:00,0.047812395109688766,0,26
user_002,379.01286065242203,2024-01-19 17:00:00,0.01854093800682055,0,33
user_002,784.835737632397,2024-01-19 22:00:00,-0.032165833830066215,1,47
user_002,69.63065469748761,2024-01-20 06:00:00,0.05956372899987428,0,22
user_002,102.81920564549628,2024-01-21 13:00:00,0.008646013013694609,0,36
user_002,181.96652244137502,2024-01-22 12:00:00,0.03371111751558242,0,29
user_002,209.80483591857367,2024-01-24 05:00:00,-0.029198660058712855,1,46
user_002,46.418256625940316,2024-01-24 21:00:00,0.03454992602798701,0,29
user_002,27.528301066693352,2024-01-26 13:00:00,-0.04929933813024556,1,52
user_002,402.19621569381155,2024-01-26 15:00:00,0.0182032096913759,0,34
user_002,347.72157662445903,2024-01-26 22:00:00,0.034360052080901426,0,29
user_002,79.51798886627404,2024-01-26 22:00:00,0.021979184822126463,0,33
user_002,272.76413362846364,2024-01-28 08:00:00,-0.024741229148854238,1,45
user_002,283.01055142658385,2024-01-29 02:00:00,0.02765907811717938,0,31
user_002,249.05133016710758,2024-01-29 20:00:00,0.03532666706900123,0,29
user_002,12.197620092948952,2024-01-30 13:00:00,0.006556314002984287,0,37
user_002,137.75715015934645,2024-01-30 18:00:00,0.08000728428622145,0,17
user_003,482.65262116787295,2024-01-03 05:00:00,0.06559763838823546,0,21
user_003,237.11932450863458,2024-01-03 05:00:00,0.049072909123067165,0,25
user_003,50.77825265409887,2024-01-04 08:00:00,0.05734224703141427,0,23
user_003,71.46862889968563,2024-01-04 13:00:00,0.11794233444969543,0,7
user_003,145.3432819374099,2024-01-04 23:00:00,0.12506903383590784,0,5
user_003,111.49678742128019,2024-01-05 07:00:00,0.12635523433819185,0,5
user_003,383.80916810330496,2024-01-06 06:00:00,0.08136051221013202,0,17
user_003,81.70397615562655,2024-01-06 07:00:00,0.09373717341006188,0,13
user_003,168.40631136937762,2024-01-06 22:00:00,0.11658917958326842,0,7
user_003,434.9260147846532,2024-01-07 04:00:00,0.09065734590376323,0,14
user_003,887.6645009221027,2024-01-07 08:00:00,0.021585956683977447,0,33
user_003,42.510601924988286,2024-01-07 09:00:00,0.07479305038733491,0,18
user_003,57.42506926871716,2024-01-07 16:00:00,0.12022014002438636,0,6
user_003,308.783405245172,2024-01-07 16:00:00,0.05111718048710673,0,25
user_003,121.96557108974078,2024-01-08 01:00:00,0.12249534750803076,0,6
user_003,52.3271379092642,2024-01-08 14:00:00,0.1095421057193165,0,9
user_003,92.80732910192589,2024-01-08 23:00:00,0.12090249292075922,0,6
user_003,126.26391179716624,2024-01-09 13:00:00,0.11993211549483784,0,6
user_003,350.4637316196662,2024-01-10 02:00:00,0.10670874945770786,0,10
user_003,17.980727302227642,2024-01-10 16:00:00,0.07891037475181728,0,17
user_003,26.587973601012415,2024-01-11 03:00:00,0.09927237128935379,0,12
user_003,79.80899979355044,2024-01-11 12:00:00,0.1210551298939172,0,6
user_003,1958.0597484276366,2024-01-11 22:00:00,-0.10065640473550974,1,65
user_003,64.21597544232702,2024-01-13 16:00:00,0.02982750972023629,0,30
user_003,1031.664709192132,2024-01-14 00:00:00,0.007984547724162683,0,36
user_003,23.072722977537826,2024-01-14 11:00:00,0.09621102446681601,0,13
user_003,1233.8022613728358,2024-01-15 05:00:00,-0.04837982405969987,1,51
user_003,64.89490118497498,2024-01-15 11:00:00,0.1191796641254863,0,7
user_003,550.3441581883797,2024-01-16 21:00:00,0.002359328417191331,0,38
user_003,197.73767157682408,2024-01-17 06:00:00,0.11590337127941175,0,7
user_003,413.34664777845273,2024-01-19 10:00:00,-0.02508570016708489,1,45
user_003,124.51157696955812,2024-01-19 12:00:00,0.10801383755874755,0,10
user_003,190.0004885751073,2024-01-19 16:00:00,0.11493418825744367,0,8
user_003,311.6756352873095,2024-01-19 17:00:00,0.08034505732948394,0,17
user_003,215.52112559031698,2024-01-20 05:00:00,0.11842108615519548,0,7
user_003,819.8826604266025,2024-01-21 01:00:00,0.019895891935241883,0,33
user_003,286.230471630752,2024-01-22 01:00:00,0.08905827717054421,0,15
user_003,228.4893185438922,2024-01-22 06:00:00,0.11482923821450886,0,8
user_003,24.063401380982455,2024-01-24 07:00:00,-0.026818039824864193,1,46
user_003,87.28086281549324,2024-01-24 15:00:00,0.12460256227531058,0,5
user_003,88.02297551270277,2024-01-25 01:00:00,0.12348899687167214,0,5
user_003,53.3130680615244,2024-01-26 05:00:00,0.056621737560385965,0,23
user_003,143.35107335731726,2024-01-26 21:00:00,0.1107642002737601,0,9
user_003,112.83969528933576,2024-01-27 10:00:00,0.12451647076067346,0,5
user_003,389.11662924593077,2024-01-28 01:00:00,0.1003371048818365,0,12
user_003,39.60651021570514,2024-01-28 10:00:00,0.10215999745569537,0,11
user_003,891.5152929468424,2024-01-28 17:00:00,0.038596537868102576,0,28
user_003,132.8297275959793,2024-01-28 19:00:00,0.1089566590322591,0,9
user_003,155.04302640131692,2024-01-28 23:00:00,0.11861729224771034,0,7
user_003,162.79290500218485,2024-01-29 13:00:00,0.11559177066500509,0,8
user_004,154.77617862613076,2024-01-01 16:00:00,0.1048110948632534,0,10
user_004,123.0726761206417,2024-01-03 21:00:00,-0.0007010893708436772,1,39
user_004,353.5776574978487,2024-01-04 00:00:00,0.09511627509900283,0,13
user_004,41.49741987514338,2024-01-05 04:00:00,0.07103474953629829,0,19
user_004,196.32223194023607,2024-01-05 16:00:00,0.1160394989079262,0,7
user_004,133.07215266309373,2024-01-05 22:00:00,0.12362743319609515,0,5
user_004,44.371801590034465,2024-01-06 19:00:00,0.09525290444453488,0,13
user_004,199.9155278300239,2024-01-07 12:00:00,0.10610182747880292,0,10
user_004,17.745008687807434,2024-01-08 09:00:00,0.07810727533195205,0,18
user_004,349.8295135676894,2024-01-08 22:00:00,0.10310538713665263,0,11
user_004,223.2991491239636,2024-01-08 23:00:00,0.0883731257515522,0,15
user_004,127.17123445781816,2024-01-09 09:00:00,0.12470949104358114,0,5
user_004,59.9953883921503,2024-01-09 23:00:00,0.11715722753030311,0,7
user_004,329.55271124533573,2024-01-11 18:00:00,0.01645766235666457,0,34
user_004,97.71318424540478,2024-01-12 09:00:00,0.12680870998127325,0,5
user_004,55.998131817264024,2024-01-12 12:00:00,0.11058903006272397,0,9
user_004,135.12963142360834,2024-01-13 12:00:00,0.10343676412953184,0,11
user_004,9.266790887704042,2024-01-15 13:00:00,-0.019559572649855084,1,44
user_004,636.2672567441941,2024-01-15 14:00:00,0.022125762024125195,0,32
user_004,75.55204262059634,2024-01-15 18:00:00,0.12110179885849531,0,6
user_004,71.82669379576977,2024-01-16 10:00:00,0.1149549346299994,0,8
user_004,167.78280506623818,2024-01-16 15:00:00,0.12540380574198584,0,5
user_004,74.203637565357,2024-01-16 19:00:00,0.11967092189629702,0,6
user_004,261.41595257621896,2024-01-17 05:00:00,0.11355616810168823,0,8
user_004,54.63568509043435,2024-01-17 23:00:00,0.10800496503780171,0,10
user_004,652.1851938042781,2024-01-19 06:00:00,-0.008543435373203234,1,41
user_004,21.917677060256537,2024-01-20 04:00:00,0.07874924659173,0,17
user_004,334.68654487379985,2024-01-20 09:00:00,0.10396340565615952,0,11
user_004,219.7336139882674,2024-01-20 09:00:00,0.05008480622814099,0,25
user_004,130.7371085746801,2024-01-20 21:00:00,0.1252480633497952,0,5
user_004,110.05636564795863,2024-01-21 04:00:00,0.12597992471082597,0,5
user_004,108.28159075450252,2024-01-21 09:00:00,0.124662548651642,0,5
user_004,120.41892955256313,2024-01-21 10:00:00,0.09897913804548653,0,12
user_004,711.45193916438,2024-01-22 19:00:00,-0.024721058143916563,1,45
user_004,708.9149885650121,2024-01-23 07:00:00,0.04183267699496901,0,27
user_004,93.85804494783137,2024-01-23 17:00:00,0.12494382839342799,0,5
user_004,1265.4779907782718,2024-01-24 12:00:00,-0.08096933422287078,1,60
user_004,22.656332014301466,2024-01-24 15:00:00,0.09427019913897555,0,13
user_004,93.79539276210313,2024-01-25 01:00:00,0.12494382839342799,0,5
user_004,305.1407205753885,2024-01-25 21:00:00,0.09864704580768463,0,12
user_004,781.6993203135007,2024-01-26 01:00:00,0.010583528338436454,0,36
user_004,345.71042907567,2024-01-26 10:00:00,0.10125988734051983,0,11
user_004,38.41908091882517,2024-01-26 22:00:00,0.10383643555783917,0,11
user_004,206.84541647116134,2024-01-27 13:00:00,0.11407005349200522,0,8
user_004,58.62562571966717,2024-01-28 15:00:00,0.08733546194282099,0,15
user_004,225.46999234965162,2024-01-28 17:00:00,0.10666238973611741,0,10
user_004,395.00307114152247,2024-01-28 21:00:00,0.08852662277060591,0,15
user_004,232.44384618049602,2024-01-29 03:00:00,0.11457224323960569,0,8
user_004,57.981280802732776,2024-01-29 23:00:00,0.1071328330639224,0,10
user_004,113.17774389203616,2024-01-30 21:00:00,0.11261174087663528,0,8
user_005,3252.4217451791187,2024-01-01 06:00:00,-0.17499544465572847,1,85
user_005,100.08488107456078,2024-01-01 19:00:00,0.13565831666959044,0,2
user_005,444.4316409291341,2024-01-01 22:00:00,0.11047136929512863,0,9
user_005,28.244772934700606,2024-01-02 03:00:00,0.11659826860448635,0,7
user_005,180.5206643398933,2024-01-02 09:00:00,0.14134738293073718,0,1
user_005,87.72833860069063,2024-01-02 16:00:00,0.14376471277595343,0,0
user_005,30.1232389717614,2024-01-03 00:00:00,0.12021058904753851,0,6
user_005,32.31329364068356,2024-01-03 15:00:00,0.10756282104125486,0,10
user_005,66.92414534202045,2024-01-03 16:00:00,0.10709238616655081,0,10
user_005,77.92328521523912,2024-01-04 12:00:00,0.1125391038024573,0,8
user_005,163.06998128074298,2024-01-07 03:00:00,-0.02733705562802513,1,46
user_005,147.11034533996403,2024-01-07 18:00:00,0.13600091699913336,0,2
user_005,143.16597020068951,2024-01-08 01:00:00,0.14571596742130666,0,0
user_005,42.210107204112674,2024-01-08 07:00:00,0.12428050097070342,0,5
user_005,10.764048778103032,2024-01-09 08:00:00,0.06981624186350788,0,20
user_005,42.544742088675655,2024-01-10 08:00:00,0.08395189424273669,0,16
user_005,485.5150525682942,2024-01-10 09:00:00,0.08531423523047105,0,16
user_005,185.66709868204327,2024-01-10 10:00:00,0.11339247326955398,0,8
user_005,343.26089142786293,2024-01-11 03:00:00,0.11949091764418002,0,6
user_005,1400.810961357407,2024-01-11 06:00:00,-0.030718206310970775,1,47
user_005,440.95842515038686,2024-01-11 23:00:00,0.10809744930044446,0,10
user_005,1530.338764043279,2024-01-12 22:00:00,-0.05840447166412788,1,54
user_005,397.1533183599575,2024-01-13 13:00:00,0.12080203216236324,0,6
user_005,131.85153797589408,2024-01-13 23:00:00,0.14216674028501658,0,0
user_005,352.5938761163406,2024-01-14 08:00:00,0.1270156587839389,0,4
user_005,83.35496124634045,2024-01-14 16:00:00,0.1424961587158634,0,0
user_005,253.82695429249875,2024-01-15 13:00:00,0.11466346383078929,0,8
user_005,231.71470642933807,2024-01-16 04:00:00,0.13629989362337458,0,2
user_005,166.88874341539932,2024-01-16 08:00:00,0.13810962880243893,0,2
user_005,238.76830377518365,2024-01-16 18:00:00,0.13364642392770298,0,3
user_005,207.36007813805577,2024-01-17 10:00:00,0.12865173896646986,0,4
user_005,503.77175698508006,2024-01-19 07:00:00,0.006700268173270407,0,37
user_005,112.094820492199,2024-01-19 20:00:00,0.14046355361820512,0,1
user_005,150.9404002274759,2024-01-20 03:00:00,0.14425136907201858,0,0
user_005,91.26640108658721,2024-01-20 17:00:00,0.13309812109401303,0,3
user_005,75.12194436069849,2024-01-20 20:00:00,0.12692048550803597,0,5
user_005,130.515568584367,2024-01-21 02:00:00,0.14344839067352455,0,0
user_005,292.29612341336673,2024-01-21 09:00:00,0.13807358193815683,0,2
user_005,240.78208606315206,2024-01-21 14:00:00,0.1383810537580754,0,1
user_005,227.76333767367188,2024-01-23 08:00:00,0.051989064510916116,0,24
user_005,35.37166694072567,2024-01-23 17:00:00,0.11463312863894115,0,8
user_005,64.65399409506442,2024-01-23 19:00:00,0.1220967772790526,0,6
user_005,76.2879186241644,2024-01-24 05:00:00,0.13671764867533065,0,2
user_005,185.90491862180676,2024-01-24 12:00:00,0.14361684462937613,0,0
user_005,347.136042491825,2024-01-24 18:00:00,0.12765817116120404,0,4
user_005,206.8189686949901,2024-01-26 00:00:00,0.08863486773870333,0,15
user_005,76.07755654976366,2024-01-26 09:00:00,0.13508929004821646,0,2
user_005,310.4678566968345,2024-01-27 07:00:00,0.11312333846351408,0,8
user_005,41.4367394417223,2024-01-28 08:00:00,0.08607166598079524,0,15
user_005,171.5487812021533,2024-01-28 09:00:00,0.11291293378255202,0,8
user_005,1095.8846397326504,2024-01-28 11:00:00,7.789881898268014e-05,0,38
user_005,153.8631223801816,2024-01-29 11:00:00,0.1144785172971784,0,8
user_005,99.12201210062919,2024-01-29 15:00:00,0.13713778981762031,0,2
user_006,219.25891000352868,2024-01-01 03:00:00,0.07853900329886448,0,17
user_006,54.158432658198855,2024-01-01 22:00:00,0.09514312239614864,0,13
user_006,29.058953116159323,2024-01-02 18:00:00,0.07476723995322071,0,18
user_006,63.80887374499819,2024-01-03 09:00:00,0.1099955996116111,0,9
user_006,1098.76924785528,2024-01-03 18:00:00,-0.027454849177744323,1,46
user_006,301.70563308545053,2024-01-04 10:00:00,0.09389068727352978,0,13
user_006,39.8823029918223,2024-01-04 20:00:00,0.09707442389323767,0,12
user_006,419.5202461932588,2024-01-05 03:00:00,0.08122853910382433,0,17
user_006,65.53437564495596,2024-01-05 20:00:00,0.10534161288999921,0,10
user_006,501.72413549433367,2024-01-06 23:00:00,0.02123908972207611,0,33
user_006,207.19535771562136,2024-01-07 14:00:00,0.10547284328817574,0,10
user_006,251.37287954492814,2024-01-07 23:00:00,0.10750161658210705,0,10
user_006,150.71324345584682,2024-01-09 16:00:00,0.033897094620059964,0,29
user_006,940.778125329354,2024-01-09 23:00:00,-0.007044975299559386,1,40
user_006,813.7850042177903,2024-01-10 06:00:00,0.014657861976368647,0,34
user_006,305.02301782490343,2024-01-10 13:00:00,0.10424505704433074,0,11
user_006,103.90405342074746,2024-01-11 23:00:00,0.05414673594336794,0,24
user_006,120.97029508768486,2024-01-14 10:00:00,-0.035463979938268886,1,48
user_006,33.70262586417618,2024-01-15 03:00:00,0.0908611988766378,0,14
user_006,92.8376510290638,2024-01-15 05:00:00,0.10154798579258956,0,11
user_006,147.51488537138295,2024-01-15 05:00:00,0.06035334703255857,0,22
user_006,449.52111028591105,2024-01-16 14:00:00,0.012361593791185288,0,35
user_006,326.9060447704908,2024-01-17 18:00:00,0.05203300510214631,0,24
user_006,136.21531478740752,2024-01-18 01:00:00,0.11975804210006324,0,6
user_006,351.81315540843576,2024-01-18 14:00:00,0.09287410215988867,0,14
user_006,348.9401367736736,2024-01-18 18:00:00,0.0933226084739806,0,13
user_006,161.10476556473049,2024-01-19 08:00:00,0.1183978836453235,0,7
user_006,186.04661751177323,2024-01-19 10:00:00,0.0966973296218937,0,13
user_006,207.60930865163797,2024-01-21 19:00:00,-0.03368237821218223,1,47
user_006,84.85759569499888,2024-01-22 08:00:00,0.12125941679457186,0,6
user_006,117.13859594580381,2024-01-22 12:00:00,0.11617978195872675,0,7
user_006,243.73077457428363,2024-01-22 14:00:00,0.09776849238768276,0,12
user_006,106.1894398999546,2024-01-22 15:00:00,0.08805366345559995,0,15
user_006,84.21142387244328,2024-01-22 22:00:00,0.12019541434019776,0,6
user_006,88.24760957266471,2024-01-24 01:00:00,0.07727280533686925,0,18
user_006,180.34159838396312,2024-01-24 04:00:00,0.10299454710612749,0,11
user_006,133.54919982978922,2024-01-24 20:00:00,0.1149093895675648,0,8
user_006,69.80629207039964,2024-01-24 22:00:00,0.10009565618678679,0,12
user_006,199.9207554457498,2024-01-26 01:00:00,0.06811998860763535,0,20
user_006,128.5718196060277,2024-01-26 13:00:00,0.11896668548479139,0,7
user_006,243.37312227876205,2024-01-27 00:00:00,0.10055881562160379,0,12
user_006,359.2596536808413,2024-01-27 14:00:00,0.09149330926682475,0,14
user_006,27.107084799980544,2024-01-28 05:00:00,0.09275977910912103,0,14
user_006,237.69266215753075,2024-01-28 09:00:00,0.10619978180583994,0,10
user_006,72.36310599680345,2024-01-28 17:00:00,0.11637851347016587,0,7
user_006,197.77384189120863,2024-01-28 18:00:00,0.08587229866187457,0,15
user_006,279.3935327922661,2024-01-28 23:00:00,0.10335575802890495,0,11
user_006,83.73884327596136,2024-01-30 05:00:00,0.06910544613348646,0,20
user_007,397.70984900731776,2024-01-01 16:00:00,0.08061947136031244,0,17
user_007,650.5993693751994,2024-01-02 11:00:00,0.03848133390428354,0,28
user_007,35.307633274232,2024-01-02 11:00:00,0.060793758289112765,0,22
user_007,85.60686776561187,2024-01-03 23:00:00,0.06755284094935632,0,20
user_007,103.26123985687718,2024-01-04 03:00:00,0.13815133360334936,0,2
user_007,64.48554000638191,2024-01-04 09:00:00,0.13997828955426944,0,1
user_007,248.49757139992786,2024-01-06 01:00:00,0.05140815944729549,0,25
user_007,109.48374807426352,2024-01-06 16:00:00,0.13722666908638315,0,2
user_007,468.13920598389956,2024-01-07 00:00:00,0.08991740855510799,0,14
user_007,67.81251111643515,2024-01-07 06:00:00,0.13997828955426944,0,1
user_007,399.1628337530832,2024-01-07 10:00:00,0.10498202550242841,0,10
user_007,441.88342465423364,2024-01-07 14:00:00,0.09142521953856625,0,14
user_007,322.2967072928622,2024-01-08 11:00:00,0.10393351824658092,0,11
user_007,83.4886162391337,2024-01-08 14:00:00,0.13244792607657796,0,3
user_007,287.80538742633973,2024-01-09 08:00:00,0.11868607109756996,0,7
user_007,26.838343895334027,2024-01-09 08:00:00,0.061310340386278195,0,22
user_007,159.70333967611913,2024-01-09 17:00:00,0.1330516564592747,0,3
user_007,75.3718442820648,2024-01-09 22:00:00,0.1413858771224727,0,1
user_007,30.372463183295004,2024-01-10 03:00:00,0.12390925726354468,0,5
user_007,209.1620024304185,2024-01-10 07:00:00,0.1331026334736553,0,3
user_007,38.409905973428096,2024-01-10 10:00:00,0.11646283285253295,0,7
user_007,404.21716383716176,2024-01-10 12:00:00,0.092864081629694,0,14
user_007,415.39164214962864,2024-01-11 09:00:00,0.08824072582591408,0,15
user_007,360.14884796615314,2024-01-12 08:00:00,0.08678908534075996,0,15
user_007,38.81183900111977,2024-01-12 08:00:00,0.06432371863466696,0,21
user_007,114.6421114525151,2024-01-12 18:00:00,0.14053130032984584,0,1
user_007,72.91102750107437,2024-01-13 05:00:00,0.1397264250172156,0,1
user_007,168.5128889870562,2024-01-14 05:00:00,0.11464458895848584,0,8
user_007,427.7010571117796,2024-01-14 22:00:00,0.09356863884581218,0,13
user_007,86.97261630350218,2024-01-14 22:00:00,0.08522979004082887,0,16
user_007,1358.6563650067042,2024-01-14 23:00:00,-0.07649683521956951,1,59
user_007,198.09216352016426,2024-01-15 04:00:00,0.1376544080388185,0,2
user_007,70.2011495296312,2024-01-15 16:00:00,0.1355706615747586,0,2
user_007,277.57090817703005,2024-01-16 19:00:00,0.09210350087479552,0,14
user_007,144.40524585214808,2024-01-17 01:00:00,0.13949029212637648,0,1
user_007,184.94706203492836,2024-01-17 08:00:00,0.1379431451246143,0,2
user_007,280.1760148716533,2024-01-19 04:00:00,0.031448113646193265,0,30
user_007,280.42131493329896,2024-01-19 18:00:00,0.1296308365988924,0,4
user_007,141.3114933679954,2024-01-20 19:00:00,0.10471305003152759,0,10
user_007,231.97734859124157,2024-01-21 17:00:00,0.11387803573012317,0,8
user_007,313.01769029787135,2024-01-21 18:00:00,0.09164817459552571,0,14
user_007,179.87007131043816,2024-01-21 20:00:00,0.12233890192108043,0,6
user_007,92.6816982766503,2024-01-24 12:00:00,-0.031018174924827502,1,47
user_007,421.51721166185297,2024-01-24 19:00:00,0.10182328655500184,0,11
user_007,66.12232244984858,2024-01-25 01:00:00,0.13997828955426944,0,1
user_007,420.9898969439056,2024-01-25 03:00:00,0.08658285111403091,0,15
user_007,112.81751963823311,2024-01-25 19:00:00,0.13324326610293002,0,3
user_007,41.34607173373898,2024-01-26 04:00:00,0.12643620381595488,0,5
user_007,188.3489316787028,2024-01-27 18:00:00,0.05331644126292462,0,24
user_007,342.942468699399,2024-01-28 12:00:00,0.1068499973514282,0,10
user_007,237.45977976201294,2024-01-28 15:00:00,0.1258885938252584,0,5
user_007,180.44216032297186,2024-01-29 13:00:00,0.11554530733741825,0,8
user_007,53.09576841925762,2024-01-29 17:00:00,0.13292126677490368,0,3
user_008,204.94026784989322,2024-01-01 00:00:00,0.07152403094879023,0,19
user_008,205.70093972445434,2024-01-01 22:00:00,0.07313039769162671,0,19
user_008,188.88193977164912,2024-01-02 08:00:00,0.09352992663221149,0,13
user_008,226.8947478409995,2024-01-02 08:00:00,0.0477345054880543,0,26
user_008,238.21967435521412,2024-01-03 04:00:00,0.07751086479441854,0,18
user_008,94.9942693153975,2024-01-03 23:00:00,0.0950630954734073,0,13
user_008,73.01389109832867,2024-01-05 12:00:00,0.02910939903824461,0,31
user_008,393.98353791408704,2024-01-06 01:00:00,0.0646233953555545,0,21
user_008,151.54558765448377,2024-01-06 22:00:00,0.08251750261048357,0,16
user_008,128.44249947483337,2024-01-08 19:00:00,0.015663660051209782,0,34
user_008,40.70868094888806,2024-01-09 10:00:00,0.08829760990190344,0,15
user_008,753.4619043067278,2024-01-09 20:00:00,0.01070619260084038,0,36
user_008,155.46747537340735,2024-01-10 06:00:00,0.10049000864256852,0,12
user_008,720.6359565031764,2024-01-10 12:00:00,0.019309699345751885,0,33
user_008,182.25897154680945,2024-01-10 13:00:00,0.06801139773144277,0,20
user_008,199.79855734259294,2024-01-11 07:00:00,0.0856152923483009,0,16
user_008,166.81232571044941,2024-01-11 17:00:00,0.10132058484789502,0,11
user_008,293.50406510827156,2024-01-13 00:00:00,0.034905820829251755,0,29
user_008,65.78255252266457,2024-01-13 13:00:00,0.09957807979275052,0,12
user_008,401.83746293652973,2024-01-14 16:00:00,0.030155266117708912,0,30
user_008,52.462260992661264,2024-01-15 04:00:00,0.09577081669994575,0,13
user_008,130.15721070068568,2024-01-16 17:00:00,0.03766477065995011,0,28
user_008,235.7156805675489,2024-01-16 20:00:00,0.08665075866993693,0,15
user_008,37.76170358698458,2024-01-19 05:00:00,-0.046568511648144906,1,51
user_008,123.32643352645574,2024-01-19 08:00:00,0.10074227024360394,0,11
user_008,1411.5388981600229,2024-01-19 17:00:00,-0.0889674552192874,1,62
user_008,358.4399128749288,2024-01-20 05:00:00,0.06670604738129354,0,21
user_008,137.3409039217695,2024-01-22 00:00:00,0.02583505038367484,0,31
user_008,429.32312945384854,2024-01-23 08:00:00,0.004849412032229328,0,37
user_008,651.601988100402,2024-01-24 01:00:00,0.025381757037813202,0,32
user_008,49.0811029094705,2024-01-24 08:00:00,0.10252551616211802,0,11
user_008,67.42792376074549,2024-01-24 14:00:00,0.09648558038568072,0,13
user_008,163.8163163111579,2024-01-25 02:00:00,0.09910101549956468,0,12
user_008,88.50890222873369,2024-01-25 11:00:00,0.1042203006308714,0,11
user_008,91.67289361302038,2024-01-25 14:00:00,0.09690528545564359,0,13
user_008,97.61975500265656,2024-01-26 04:00:00,0.10741097060504312,0,10
user_008,143.3101996930307,2024-01-26 15:00:00,0.10286576644758072,0,11
user_008,26.108743153276702,2024-01-27 01:00:00,0.07934686298430565,0,17
user_008,513.8701453388247,2024-01-27 20:00:00,0.03853453918632943,0,28
user_008,61.26348926542419,2024-01-27 21:00:00,0.06934205726443765,0,20
user_008,38.5853901179582,2024-01-28 02:00:00,0.08604743506160056,0,15
user_008,275.3460612221786,2024-01-28 05:00:00,0.07615650837181948,0,18
user_008,232.26100195651424,2024-01-28 19:00:00,0.09323574452833883,0,13
user_008,19.334198382933128,2024-01-29 18:00:00,0.05258653057446294,0,24
user_008,35.26296416085961,2024-01-30 11:00:00,0.08257437029423331,0,16
user_009,452.37717246130984,2024-01-01 04:00:00,0.06596743619547218,0,21
user_009,118.87678626969408,2024-01-01 11:00:00,0.12319114939883308,0,6
user_009,278.88955664869627,2024-01-01 12:00:00,0.08607923161293302,0,15
user_009,152.05152697730122,2024-01-01 15:00:00,0.11590392754860684,0,7
user_009,376.823194527267,2024-01-02 00:00:00,0.11196265582415482,0,9
user_009,170.58187873649294,2024-01-02 01:00:00,0.09451543996794765,0,13
user_009,155.79197565102507,2024-01-02 15:00:00,0.12572950296950397,0,5
user_009,491.98338855940693,2024-01-03 10:00:00,0.07298298320182711,0,19
user_009,384.95892254733127,2024-01-04 11:00:00,0.07485200438753681,0,18
user_009,324.34990013856833,2024-01-05 02:00:00,0.10743387626285184,0,10
user_009,175.67833344515708,2024-01-05 08:00:00,0.11803926872328713,0,7
user_009,162.32178321473666,2024-01-05 19:00:00,0.12699497557283518,0,4
user_009,139.2024989368191,2024-01-06 06:00:00,0.12498748888033712,0,5
user_009,315.54185316689717,2024-01-06 06:00:00,0.05332048224642033,0,24
user_009,155.70472823573735,2024-01-06 18:00:00,0.1272025070907501,0,4
user_009,106.21788397517386,2024-01-07 14:00:00,0.10278179901207368,0,11
user_009,165.8232711670189,2024-01-07 22:00:00,0.12529156772524658,0,5
user_009,132.0714138317116,2024-01-08 23:00:00,0.1003823612782897,0,12
user_009,61.65959245644521,2024-01-09 02:00:00,0.10006042091042722,0,12
user_009,175.6443086032318,2024-01-09 18:00:00,0.11848782177647016,0,7
user_009,730.1037348925817,2024-01-13 07:00:00,-0.14838945859556396,1,78
user_009,182.39797617179886,2024-01-14 11:00:00,0.08047201552316685,0,17
user_009,566.0156536184521,2024-01-14 16:00:00,0.08116403402436667,0,17
user_009,38.748637803771146,2024-01-15 07:00:00,0.09450140987073496,0,13
user_009,591.7859513710201,2024-01-16 09:00:00,0.035701536864277905,0,29
user_009,432.7456916750086,2024-01-16 23:00:00,0.10712203413216642,0,10
user_009,89.01316886563218,2024-01-17 22:00:00,0.09441509879743937,0,13
user_009,43.02168589151656,2024-01-19 03:00:00,0.05251991115205612,0,24
user_009,21.908913755717524,2024-01-20 02:00:00,0.06874879541366591,0,20
user_009,87.26967568983248,2024-01-22 01:00:00,0.010075369310645788,0,36
user_009,799.4529581514996,2024-01-22 07:00:00,0.05955267261245539,0,22
user_009,186.92377355782673,2024-01-23 00:00:00,0.11843304029357249,0,7
user_009,437.050201343803,2024-01-24 06:00:00,0.051741749283923055,0,25
user_009,966.1293966424859,2024-01-24 14:00:00,0.04529796059559055,0,26
user_009,79.0110231257389,2024-01-24 22:00:00,0.11760270136315898,0,7
user_009,1353.6000172440417,2024-01-25 13:00:00,-0.040133243177055467,1,49
user_009,1081.5347825010354,2024-01-26 12:00:00,-0.020601008414920963,1,44
user_009,227.7646735701155,2024-01-26 21:00:00,0.11985675497226533,0,6
user_009,1044.485904295138,2024-01-27 01:00:00,0.005275423194431306,0,37
user_009,364.7221072788502,2024-01-27 07:00:00,0.10913244645160125,0,9
user_009,51.44986660318529,2024-01-27 08:00:00,0.07344769909081156,0,19
user_009,102.67308523903631,2024-01-27 09:00:00,0.09349781542486296,0,13
user_009,15.710555338499141,2024-01-27 10:00:00,0.056834802744709645,0,23
user_009,64.1221804325199,2024-01-28 16:00:00,0.06857036862081972,0,20
user_009,274.84734019635334,2024-01-28 17:00:00,0.08764479856395252,0,15
user_009,102.16618289998922,2024-01-29 17:00:00,0.09802359217983969,0,12
user_009,65.5390301204665,2024-01-29 19:00:00,0.09925632627315917,0,12
user_009,200.86548702256852,2024-01-30 07:00:00,0.12220838970729697,0,6
user_009,51.99625339649663,2024-01-30 16:00:00,0.10038077830431275,0,12
user_010,125.18846645966966,2024-01-01 02:00:00,0.0853930760182145,0,16
user_010,114.11612964842767,2024-01-01 07:00:00,0.09748680513319213,0,12
user_010,872.009776680341,2024-01-02 00:00:00,-0.009341271104857274,1,41
user_010,487.65090013773886,2024-01-04 13:00:00,-0.07861034234003283,1,59
user_010,98.466714186675,2024-01-05 04:00:00,0.09982454291247889,0,12
user_010,17.482487842582817,2024-01-08 03:00:00,-0.11305612626263284,1,69
user_010,165.81778071308474,2024-01-08 06:00:00,0.08809747863447875,0,15
user_010,91.81701470780018,2024-01-10 11:00:00,-0.0174061890389684,1,43
user_010,649.7961026377575,2024-01-11 01:00:00,0.038042353835567755,0,28
user_010,559.3690320671609,2024-01-11 20:00:00,0.032449649866629904,0,30
user_010,148.6825670961945,2024-01-14 12:00:00,-0.05322380745582844,1,53
user_010,1044.2292140375523,2024-01-16 00:00:00,-0.08486079107353095,1,61
user_010,341.4577244422202,2024-01-16 19:00:00,0.05981437960758551,0,22
user_010,128.5289574930274,2024-01-17 00:00:00,0.09966649437297376,0,12
user_010,118.08445451124727,2024-01-17 02:00:00,0.0848522684869279,0,16
user_010,57.19093386617006,2024-01-17 15:00:00,0.09312784344195524,0,14
user_010,63.40099439543096,2024-01-17 20:00:00,0.0911710205688378,0,14
user_010,92.57953697223486,2024-01-19 11:00:00,0.02660233469268547,0,31
user_010,230.88982520213563,2024-01-19 17:00:00,0.0829178848702069,0,16
user_010,137.17648607793242,2024-01-20 00:00:00,0.10101356958041985,0,11
user_010,59.122360016566724,2024-01-20 04:00:00,0.09330276155628986,0,13
user_010,96.75742628159095,2024-01-20 19:00:00,0.09982454291247889,0,12
user_010,73.37230509397934,2024-01-20 20:00:00,0.06308546787936675,0,22
user_010,190.90724978702977,2024-01-22 02:00:00,0.048792059563179724,0,25
user_010,27.944511950703582,2024-01-22 09:00:00,0.07540339063731649,0,18
user_010,648.9503535582995,2024-01-23 02:00:00,0.02677069859527126,0,31
user_010,71.65197730665521,2024-01-23 09:00:00,0.09368877683859239,0,13
user_010,205.16204444700008,2024-01-24 00:00:00,0.088946028623071,0,15
user_010,89.85910614666787,2024-01-24 04:00:00,0.0964196946697497,0,13
user_010,16.93079531769673,2024-01-24 10:00:00,0.06425527650850482,0,21
user_010,898.3063719121536,2024-01-24 11:00:00,-0.040416067791276045,1,49
user_010,81.90298621056535,2024-01-24 16:00:00,0.09262527993070141,0,14
user_010,239.26069131474856,2024-01-25 07:00:00,0.0843795452183374,0,16
user_010,157.98541730815634,2024-01-25 12:00:00,0.09513784129397773,0,13
user_010,173.53479432111507,2024-01-26 01:00:00,0.09759266271638417,0,12
user_010,185.65386966507313,2024-01-26 03:00:00,0.07851552942971673,0,17
user_010,107.5481316662953,2024-01-26 10:00:00,0.0962966166303405,0,13
user_010,159.77556438230437,2024-01-26 10:00:00,0.04322500569970894,0,27
user_010,248.62337910204582,2024-01-28 17:00:00,-0.032339858730942916,1,47
user_010,102.48091964060806,2024-01-28 21:00:00,0.0981493776239753,0,12
user_010,12.000658790206774,2024-01-29 05:00:00,0.06223596865179465,0,22
user_010,409.2679455012895,2024-01-29 12:00:00,0.05343994572670446,0,24
user_010,1370.1775776363763,2024-01-29 14:00:00,-0.08007754673223832,1,60
user_010,151.3532725593247,2024-01-30 02:00:00,0.0953029665855108,0,13
user_011,52.22207267011983,2024-01-02 04:00:00,0.10081700980090863,0,11
user_011,495.672391377376,2024-01-02 18:00:00,0.06543026154301956,0,21
user_011,119.82246102247765,2024-01-03 13:00:00,0.11856337194038535,0,7
user_011,348.62532789843846,2024-01-05 15:00:00,-0.00962904588338398,1,41
user_011,58.95454680643027,2024-01-05 16:00:00,0.09537081888917887,0,13
user_011,746.9203129504815,2024-01-06 05:00:00,0.01673177501379275,0,34
user_011,124.24552876228265,2024-01-06 09:00:00,0.1267446192749166,0,5
user_011,132.69157886873373,2024-01-06 13:00:00,0.12636262125909464,0,5
user_011,282.5350466145258,2024-01-06 16:00:00,0.111088667539324,0,9
user_011,346.2215922128171,2024-01-07 20:00:00,0.06010243432917517,0,22
user_011,361.0383893169284,2024-01-11 12:00:00,-0.11563833524598177,1,69
user_011,138.87990903291083,2024-01-11 22:00:00,0.1286446688800516,0,4
user_011,71.2512260139917,2024-01-12 11:00:00,0.12464715436640539,0,5
user_011,226.21218938547304,2024-01-12 14:00:00,0.1144166109638039,0,8
user_011,248.01654977967974,2024-01-13 00:00:00,0.11473577819640973,0,8
user_011,39.57204954043881,2024-01-13 05:00:00,0.11195770476443112,0,9
user_011,90.39001628668821,2024-01-13 12:00:00,0.1300061839541965,0,4
user_011,160.61337566197213,2024-01-14 07:00:00,0.11552231636135474,0,8
user_011,251.7163943906039,2024-01-14 21:00:00,0.1184451462640227,0,7
user_011,187.5672686332462,2024-01-15 08:00:00,0.12223078674166882,0,6
user_011,214.1331988859948,2024-01-15 23:00:00,0.11704804073516517,0,7
user_011,404.84264208845093,2024-01-16 05:00:00,0.08124058538289192,0,17
user_011,170.12531815294963,2024-01-17 00:00:00,0.11738552459774254,0,7
user_011,530.4047170166833,2024-01-17 10:00:00,0.05608387035997464,0,23
user_011,231.2764903466367,2024-01-18 00:00:00,0.11821701065763862,0,7
user_011,243.63760308252327,2024-01-18 05:00:00,0.1184490805901956,0,7
user_011,134.19067745739264,2024-01-18 13:00:00,0.12895206202705622,0,4
user_011,583.2591259688148,2024-01-19 02:00:00,0.05332549193316999,0,24
user_011,15.211467469503043,2024-01-19 13:00:00,0.09144811359810434,0,14
user_011,215.85029948118046,2024-01-19 17:00:00,0.11797648881762329,0,7
user_011,195.7246929294427,2024-01-20 00:00:00,0.12271738052954678,0,6
user_011,94.71157219776374,2024-01-20 02:00:00,0.11657762634719687,0,7
user_011,685.9130238820208,2024-01-20 10:00:00,0.03896107493250334,0,28
user_011,157.6864922655598,2024-01-21 10:00:00,0.11408266180281823,0,8
user_011,37.834366683995235,2024-01-21 18:00:00,0.11241613090433383,0,8
user_011,331.4396733980038,2024-01-22 10:00:00,0.0991272327210952,0,12
user_011,179.73920493310288,2024-01-22 18:00:00,0.12195588377371497,0,6
user_011,177.05166015593772,2024-01-23 00:00:00,0.12152032730699491,0,6
user_011,303.107071068667,2024-01-25 19:00:00,-0.06442350638746686,1,56
user_011,43.042349416277766,2024-01-26 12:00:00,0.10718392885960798,0,10
user_011,347.70494627167534,2024-01-27 00:00:00,0.10142923246631352,0,11
user_011,96.63568405401794,2024-01-27 08:00:00,0.12700449352229543,0,4
user_011,118.05522031350888,2024-01-27 15:00:00,0.12995313914591605,0,4
user_011,280.1701037820366,2024-01-27 16:00:00,0.08889168103443162,0,15
user_011,125.4527521500349,2024-01-28 10:00:00,0.12276767233397495,0,6
user_011,85.5647137754526,2024-01-28 17:00:00,0.12641167024735755,0,5
user_011,81.32197852548451,2024-01-29 17:00:00,0.1078940922312141,0,10
user_011,264.88386896144794,2024-01-30 06:00:00,0.11448017762665946,0,8
user_011,115.27427767830794,2024-01-30 18:00:00,0.1322988891380915,0,3
user_012,216.4180329504662,2024-01-01 06:00:00,0.06730476321825257,0,20
user_012,341.34692265251533,2024-01-02 00:00:00,0.06036796127732569,0,22
user_012,77.53028917571194,2024-01-02 10:00:00,0.09852690259357616,0,12
user_012,532.6831751041192,2024-01-02 14:00:00,0.025687543177099204,0,32
user_012,230.28718031046418,2024-01-02 18:00:00,0.09179959737230536,0,14
user_012,392.21991501379614,2024-01-06 07:00:00,-0.1365881596267443,1,75
user_012,155.33869156645267,2024-01-07 04:00:00,0.0727210247611555,0,19
user_012,255.3062644374953,2024-01-07 20:00:00,0.07734529546422136,0,18
user_012,66.12720102697085,2024-01-08 09:00:00,0.09395766083525176,0,13
user_012,1111.412766370365,2024-01-09 07:00:00,-0.08481139193827825,1,61
user_012,628.7694177718763,2024-01-09 15:00:00,0.008900517911553663,0,36
user_012,161.27008632618112,2024-01-09 16:00:00,0.08276242391110239,0,16
user_012,81.12766950082292,2024-01-10 01:00:00,0.09625637250022268,0,13
user_012,129.37668432889396,2024-01-10 03:00:00,0.09575578603860463,0,13
user_012,217.03935758232237,2024-01-11 18:00:00,0.011952616835513963,0,35
user_012,123.42619292541981,2024-01-11 21:00:00,0.10053404244098207,0,12
user_012,57.164795878997744,2024-01-12 05:00:00,0.10427784394832706,0,11
user_012,54.63626015345434,2024-01-12 12:00:00,0.10580988026987198,0,10
user_012,561.4027504969441,2024-01-12 18:00:00,0.02589886577223055,0,31
user_012,133.15343520466956,2024-01-12 20:00:00,0.09448102491036037,0,13
user_012,219.91984771132172,2024-01-14 05:00:00,0.029667255551004246,0,30
user_012,141.5080051304224,2024-01-15 13:00:00,0.04533485100465823,0,26
user_012,155.54194452400043,2024-01-15 19:00:00,0.10392451781508671,0,11
user_012,167.87250740061467,2024-01-16 00:00:00,0.10787256562221148,0,10
user_012,329.04970173289223,2024-01-16 15:00:00,0.06833818820250398,0,20
user_012,554.2398501745071,2024-01-16 16:00:00,0.0030408980274123643,0,38
user_012,158.77982297836328,2024-01-17 04:00:00,0.09457415815907677,0,13
user_012,27.610045526848726,2024-01-17 04:00:00,0.03417578760647366,0,29
user_012,49.67061250082888,2024-01-19 18:00:00,-0.058010616484736155,1,54
user_012,51.78160247476287,2024-01-19 19:00:00,0.07720472992158123,0,18
user_012,33.38356969100456,2024-01-20 04:00:00,0.07934356934580206,0,17
user_012,165.864660941547,2024-01-21 05:00:00,0.06509489283227943,0,21
user_012,75.94131010091796,2024-01-21 19:00:00,0.09042880636079254,0,14
user_012,213.89959759850788,2024-01-21 20:00:00,0.07431461786324628,0,19
user_012,151.74808745708523,2024-01-22 06:00:00,0.09399409654337937,0,13
user_012,308.3533934822392,2024-01-22 23:00:00,0.0700745805695488,0,20
user_012,89.35013156677286,2024-01-23 03:00:00,0.10780807444452356,0,10
user_012,185.55218415711292,2024-01-23 08:00:00,0.10024117107359376,0,12
user_012,44.05685876512772,2024-01-23 08:00:00,0.050189502781668116,0,25
user_012,48.235808755184344,2024-01-23 18:00:00,0.09047892318415973,0,14
user_012,9.573943174361641,2024-01-24 06:00:00,0.052378724033132096,0,24
user_012,152.71856402653714,2024-01-24 09:00:00,0.09786588022275738,0,12
user_012,125.98122444480647,2024-01-24 14:00:00,0.11315424660212603,0,8
user_012,23.411504937414687,2024-01-24 17:00:00,0.06853750911122714,0,20
user_012,355.37352900723243,2024-01-25 05:00:00,0.06619970749024201,0,21
user_012,285.34868262012753,2024-01-25 05:00:00,0.0433102823232383,0,27
user_012,215.0980673438376,2024-01-25 05:00:00,0.05143800411520322,0,25
user_012,164.90598211661384,2024-01-25 06:00:00,0.08262709016680753,0,16
user_012,44.78243413800224,2024-01-26 01:00:00,0.061659033101257144,0,22
user_012,443.5381026730138,2024-01-26 19:00:00,0.033491868707332895,0,29
user_012,89.21385693202652,2024-01-27 06:00:00,0.10639163650860084,0,10
user_012,359.1212005448336,2024-01-27 18:00:00,0.062254950672637865,0,22
user_012,104.15626906517834,2024-01-28 13:00:00,0.08185983466201369,0,17
user_012,724.8877506262394,2024-01-29 18:00:00,-0.05942438413090889,1,54
user_012,45.192318793319274,2024-01-29 18:00:00,0.05371282123768417,0,24
user_012,151.91294110728822,2024-01-29 20:00:00,0.0938615331081406,0,13
user_013,179.6659095132252,2024-01-01 16:00:00,0.0744946891028101,0,18
user_013,131.2345364022563,2024-01-01 16:00:00,0.06538813148206846,0,21
user_013,395.20748316717624,2024-01-01 20:00:00,0.07789972664525985,0,18
user_013,368.895061897824,2024-01-02 02:00:00,0.07466035061943455,0,18
user_013,286.91631802825685,2024-01-02 16:00:00,0.08675008349634122,0,15
user_013,79.42092054217076,2024-01-02 22:00:00,0.10737690767159308,0,10
user_013,142.58165635257166,2024-01-04 02:00:00,0.052237856446401276,0,24
user_013,244.94491377206165,2024-01-05 01:00:00,0.0693759879149553,0,20
user_013,51.29567660159041,2024-01-05 05:00:00,0.10368676100558716,0,11
user_013,188.528061675091,2024-01-05 14:00:00,0.09706722636578174,0,12
user_013,237.92638836499626,2024-01-05 21:00:00,0.10288010465959069,0,11
user_013,330.43485361332546,2024-01-06 07:00:00,0.08790646485819553,0,15
user_013,476.18480239362384,2024-01-07 02:00:00,0.02545332273623091,0,32
user_013,88.38743148168243,2024-01-07 15:00:00,0.1033162740852665,0,11
user_013,245.28397775359466,2024-01-08 01:00:00,0.09439772107321126,0,13
user_013,137.58414773722814,2024-01-08 04:00:00,0.10626421056248492,0,10
user_013,292.06208143936647,2024-01-09 21:00:00,-0.0013492803031540657,1,39
user_013,124.48006661397707,2024-01-10 01:00:00,0.11344145038449222,0,8
user_013,86.05291387403527,2024-01-11 12:00:00,0.028362000854943004,0,31
user_013,70.66807141654633,2024-01-11 22:00:00,0.09848061363253363,0,12
user_013,62.638798999252884,2024-01-12 08:00:00,0.09817053297564199,0,12
user_013,49.3204146016647,2024-01-13 01:00:00,0.06509344698365321,0,21
user_013,271.2897481512588,2024-01-14 00:00:00,0.06524131967413249,0,21
user_013,135.87263663898057,2024-01-14 07:00:00,0.11666267091152233,0,7
user_013,31.262434909495962,2024-01-15 19:00:00,0.00579834785738631,0,37
user_013,69.8280234392239,2024-01-16 12:00:00,0.08008838770853055,0,17
user_013,108.88114740245086,2024-01-16 13:00:00,0.0859471596842003,0,15
user_013,343.6925259954748,2024-01-16 16:00:00,0.08304984530944487,0,16
user_013,220.79719471816432,2024-01-16 18:00:00,0.09545535901555602,0,13
user_013,231.50527703177056,2024-01-17 08:00:00,0.08676979899319615,0,15
user_013,86.01777845076272,2024-01-17 10:00:00,0.09529655876202803,0,13
user_013,366.29866898042746,2024-01-18 03:00:00,0.05968393434176322,0,22
user_013,30.180535618502624,2024-01-18 15:00:00,0.07321719456172654,0,19
user_013,135.04772709062243,2024-01-20 06:00:00,0.0167725716312096,0,34
user_013,1945.5985609152829,2024-01-20 13:00:00,-0.1536359101209216,1,79
user_013,85.11941068495997,2024-01-20 14:00:00,0.08599847879832384,0,15
user_013,146.15828098686904,2024-01-21 16:00:00,0.06163852006135828,0,22
user_013,316.06101544257933,2024-01-22 11:00:00,0.06863862250878855,0,20
user_013,516.1135945847791,2024-01-22 15:00:00,0.05196032573824477,0,25
user_013,152.96219314198697,2024-01-22 23:00:00,0.10950781588632963,0,9
user_013,42.98028856577307,2024-01-23 04:00:00,0.10083796707360249,0,11
user_013,80.67976479835247,2024-01-23 08:00:00,0.10827923553315122,0,9
user_013,140.06338815328442,2024-01-23 09:00:00,0.09221966630820522,0,14
user_013,156.64598997543177,2024-01-23 14:00:00,0.11587223574654343,0,7
user_013,43.71809995330449,2024-01-24 08:00:00,0.060569143401388637,0,22
user_013,329.72338359754474,2024-01-24 21:00:00,0.08545237351248802,0,16
user_013,127.84400889812441,2024-01-24 22:00:00,0.09167593645749056,0,14
user_013,89.78343918213986,2024-01-25 02:00:00,0.11059942291177305,0,9
user_013,133.32710233213322,2024-01-26 03:00:00,0.07133569113157179,0,19
user_013,246.59755363687233,2024-01-26 07:00:00,0.10152649981278605,0,11
user_013,118.81946972945296,2024-01-26 09:00:00,0.10036570189354532,0,12
user_013,33.07691316809856,2024-01-26 15:00:00,0.0863126938842147,0,15
user_013,425.96771132591897,2024-01-27 06:00:00,0.05524608588361929,0,24
user_013,57.75149835325788,2024-01-27 09:00:00,0.09846076855362956,0,12
user_013,234.08625736867756,2024-01-28 11:00:00,0.05456717327138105,0,24
user_013,1857.3990462842492,2024-01-30 01:00:00,-0.1814265993422527,1,87
user_013,317.36608939819223,2024-01-30 04:00:00,0.08641380430097423,0,15
user_014,74.57830556698879,2024-01-01 02:00:00,0.019215964571293376,0,33
user_014,473.11089123137396,2024-01-01 06:00:00,-0.009530254559971696,1,41
user_014,4325.557244072787,2024-01-01 14:00:00,-0.22920083835006066,1,100
user_014,155.5577761046556,2024-01-02 04:00:00,0.036271370930390345,0,29
user_014,118.69263050882405,2024-01-02 12:00:00,0.03745592893808447,0,28
user_014,16.311876274829565,2024-01-02 17:00:00,0.005169787028003636,0,37
user_014,34.81831127718626,2024-01-03 21:00:00,-0.010392076080181112,1,41
user_014,233.94656554502598,2024-01-04 03:00:00,0.01772372994460214,0,34
user_014,721.1524706709881,2024-01-04 08:00:00,-0.04180252860103373,1,50
user_014,147.87945681424472,2024-01-04 13:00:00,0.03653160216014739,0,29
user_014,44.88559584138523,2024-01-05 15:00:00,0.0020007602598658414,0,38
user_014,48.68225737415288,2024-01-06 18:00:00,-0.0021131841382726613,1,39
user_014,145.99921189936487,2024-01-07 09:00:00,0.040046602282490684,0,28
user_014,248.6695057206607,2024-01-07 20:00:00,0.01793128773802366,0,34
user_014,103.4443548864285,2024-01-07 20:00:00,-0.010765812379667339,1,41
user_014,36.409876768677435,2024-01-08 19:00:00,0.009017438322445726,0,36
user_014,43.464563802459324,2024-01-09 23:00:00,-0.010314906498369969,1,41
user_014,78.43419678582679,2024-01-10 01:00:00,0.016217139762643606,0,34
user_014,41.26770639980644,2024-01-10 03:00:00,-0.002468503026951563,1,39
user_014,135.86164351264154,2024-01-10 17:00:00,0.04009560928191663,0,28
user_014,61.491124693632344,2024-01-11 01:00:00,0.028608302696443655,0,31
user_014,276.8288482630285,2024-01-12 23:00:00,-0.05870614922221895,1,54
user_014,102.49259757465936,2024-01-15 12:00:00,-0.08084682459811876,1,60
user_014,55.260819772054994,2024-01-16 02:00:00,0.026550686319959493,0,31
user_014,84.86639129796691,2024-01-16 20:00:00,0.03832392539635887,0,28
user_014,209.0581406514848,2024-01-17 16:00:00,0.015546009850111342,0,34
user_014,101.73273594914603,2024-01-18 15:00:00,0.03389589665219328,0,29
user_014,96.01588335820175,2024-01-18 17:00:00,0.024127665329116366,0,32
user_014,63.52790769510131,2024-01-19 13:00:00,0.028051485107599694,0,31
user_014,102.12245229595636,2024-01-19 14:00:00,0.005704946960457646,0,37
user_014,575.920934803662,2024-01-20 00:00:00,-0.018824747070099845,1,43
user_014,88.56564106752407,2024-01-21 02:00:00,0.02089135032420153,0,33
user_014,82.24680275746067,2024-01-24 04:00:00,-0.12559996309731958,1,72
user_014,56.582817435612135,2024-01-24 08:00:00,0.029170160018048286,0,31
user_014,41.28185401274959,2024-01-24 23:00:00,0.017550643849552516,0,34
user_014,110.00115456995049,2024-01-25 15:00:00,0.04533709012109172,0,26
user_014,122.72682678189575,2024-01-25 21:00:00,0.03656762078986742,0,29
user_014,96.22571148331653,2024-01-27 09:00:00,-0.009451439890664437,1,41
user_014,98.86919969697148,2024-01-27 20:00:00,0.042364904927922886,0,27
user_014,32.95950299752505,2024-01-29 16:00:00,-0.05489199762896624,1,53
user_015,110.88681772903178,2024-01-01 13:00:00,0.11123840296590998,0,9
user_015,56.06175215795264,2024-01-01 21:00:00,0.12044033124466141,0,6
user_015,383.30953866663566,2024-01-02 10:00:00,0.09079551742131786,0,14
user_015,258.6832825213001,2024-01-02 23:00:00,0.11005962764060218,0,9
user_015,54.47884952406139,2024-01-03 04:00:00,0.11697415811465184,0,7
user_015,112.88733167573206,2024-01-03 07:00:00,0.11603217206863065,0,7
user_015,110.85119663466254,2024-01-03 09:00:00,0.11374061105343086,0,8
user_015,199.43283728248423,2024-01-03 14:00:00,0.11544146853630005,0,8
user_015,467.50466635717765,2024-01-04 02:00:00,0.07003789772733299,0,20
user_015,80.3664930700357,2024-01-04 07:00:00,0.12003824617439379,0,6
user_015,351.4140244103861,2024-01-04 15:00:00,0.09077602384077876,0,14
user_015,101.84452125951822,2024-01-04 16:00:00,0.09394712016184709,0,13
user_015,130.61645071900898,2024-01-04 19:00:00,0.11559537020893101,0,8
user_015,1729.8261646166889,2024-01-05 09:00:00,-0.12807493195818265,1,73
user_015,131.40083906607842,2024-01-05 21:00:00,0.12383001898997764,0,5
user_015,49.59435294142889,2024-01-06 01:00:00,0.11373165782737393,0,8
user_015,197.01657683060708,2024-01-06 03:00:00,0.10702119950822969,0,10
user_015,117.01532104302522,2024-01-06 13:00:00,0.12186196534472854,0,6
user_015,182.18573470588058,2024-01-06 15:00:00,0.10559770218405201,0,10
user_015,117.12378852117558,2024-01-07 14:00:00,0.11091949294621306,0,9
user_015,62.302403248171174,2024-01-07 18:00:00,0.11482411489210076,0,8
user_015,46.07320599509864,2024-01-08 23:00:00,0.07184455829625525,0,19
user_015,158.69604678343924,2024-01-09 06:00:00,0.12340350725559801,0,5
user_015,334.8519774961971,2024-01-10 01:00:00,0.0934633645541505,0,13
user_015,354.2729746077569,2024-01-10 01:00:00,0.038554407489408526,0,28
user_015,176.89314149436888,2024-01-11 01:00:00,0.11228445914757013,0,8
user_015,537.5248351419147,2024-01-11 20:00:00,0.047955520237925486,0,26
user_015,1395.6765643087692,2024-01-13 04:00:00,-0.10709993691280462,1,67
user_015,250.62371405819334,2024-01-13 20:00:00,0.10699421954751154,0,10
user_015,166.42310421847105,2024-01-14 01:00:00,0.12009226704440173,0,6
user_015,95.14123214235492,2024-01-14 11:00:00,0.12151981645304405,0,6
user_015,69.43431230530261,2024-01-15 16:00:00,0.08614065758887574,0,15
user_015,124.88242567419607,2024-01-16 10:00:00,0.11806146881534318,0,7
user_015,176.8710746394574,2024-01-17 12:00:00,0.10016806879970003,0,12
user_015,164.59333006090114,2024-01-17 16:00:00,0.11753159631084509,0,7
user_015,72.30163049854892,2024-01-18 03:00:00,0.12315905683987266,0,6
user_015,378.3734066396805,2024-01-19 08:00:00,0.05485750782396703,0,24
user_015,175.80243287523717,2024-01-19 13:00:00,0.1227175884406565,0,6
user_015,456.47858227863503,2024-01-20 12:00:00,0.05606522523970475,0,23
user_015,108.99247538940166,2024-01-21 15:00:00,0.0965674958559562,0,13
user_015,23.08285465335046,2024-01-21 22:00:00,0.09931257440091124,0,12
user_015,455.7084264981577,2024-01-23 10:00:00,0.004824206064244607,0,37
user_015,158.83334542074996,2024-01-24 01:00:00,0.12209429444165742,0,6
user_015,123.1038978784629,2024-01-25 03:00:00,0.09899742856977173,0,12
user_015,54.907537017809865,2024-01-26 13:00:00,0.04818328409672584,0,26
user_015,228.86785148418505,2024-01-27 05:00:00,0.10504614948220903,0,10
user_015,136.33173826031623,2024-01-27 21:00:00,0.11614021806942088,0,7
user_015,22.74449704017918,2024-01-27 23:00:00,0.08409580965351487,0,16
user_015,249.30934074501982,2024-01-28 07:00:00,0.11144700441302413,0,9
user_015,99.44722752505005,2024-01-28 20:00:00,0.12496437742112071,0,5
user_015,145.72139073473136,2024-01-29 01:00:00,0.12334384859574177,0,5
user_015,246.70413323577117,2024-01-29 16:00:00,0.10920139941857826,0,9
user_015,77.18720163452485,2024-01-30 18:00:00,0.09319270596811918,0,14
user_016,36.099734223976625,2024-01-01 11:00:00,0.03599264836814353,0,29
user_016,175.32700470215113,2024-01-02 04:00:00,0.07124528954683268,0,19
user_016,50.31469393651179,2024-01-02 22:00:00,0.04413185751708126,0,27
user_016,170.8928335785646,2024-01-03 20:00:00,0.06068430130775543,0,22
user_016,18.868131334307613,2024-01-04 22:00:00,0.009494299369244397,0,36
user_016,644.8007055663212,2024-01-05 02:00:00,0.016270164990751623,0,34
user_016,179.87868912865312,2024-01-05 17:00:00,0.07768714351662881,0,18
user_016,240.0888904721616,2024-01-06 06:00:00,0.06643191050265901,0,21
user_016,201.0955784049726,2024-01-06 17:00:00,0.07384101292611028,0,19
user_016,121.40699807208875,2024-01-06 23:00:00,0.07247454776215112,0,19
user_016,436.8297891949433,2024-01-09 11:00:00,-0.08287422601649641,1,60
user_016,219.0236196194622,2024-01-09 20:00:00,0.06814599858748405,0,20
user_016,73.7627175646436,2024-01-10 06:00:00,0.06606807327837633,0,21
user_016,85.6909391636623,2024-01-11 13:00:00,0.02367340561536213,0,32
user_016,897.1935153964416,2024-01-12 23:00:00,-0.07269452508297836,1,58
user_016,1291.106295580062,2024-01-14 13:00:00,-0.1152952893404392,1,69
user_016,176.08572874154024,2024-01-15 06:00:00,0.07124528954683268,0,19
user_016,21.46281062190286,2024-01-15 07:00:00,0.009755497707328753,0,36
user_016,396.6612751181209,2024-01-15 18:00:00,0.052805304344914816,0,24
user_016,264.57297137740494,2024-01-17 14:00:00,-0.022493613311221905,1,44
user_016,128.80560424625776,2024-01-19 02:00:00,0.01947247614800829,0,33
user_016,12.371413161600463,2024-01-19 07:00:00,0.031977077241511775,0,30
user_016,407.5391489973192,2024-01-19 17:00:00,0.04536246200430438,0,26
user_016,380.1384714750796,2024-01-20 03:00:00,0.0495610464895026,0,25
user_016,181.10187089655474,2024-01-21 16:00:00,0.014394221220568437,0,35
user_016,326.0610402083607,2024-01-21 23:00:00,0.060413097795410875,0,22
user_016,60.262268689080386,2024-01-22 13:00:00,0.06831503726084409,0,20
user_016,213.25240385999544,2024-01-24 05:00:00,-0.0011591906188709311,1,39
user_016,115.46368118689655,2024-01-24 10:00:00,0.07549217263383357,0,18
user_016,29.42336849196639,2024-01-25 03:00:00,0.040840301748338914,0,27
user_016,109.67597243326702,2024-01-26 08:00:00,0.03398472053573054,0,29
user_016,722.3403043979051,2024-01-26 19:00:00,0.020099306345149226,0,33
user_016,398.88341027214756,2024-01-27 22:00:00,0.011384902571025868,0,35
user_016,233.58308395251572,2024-01-28 06:00:00,0.06943202307803498,0,20
user_016,2253.340738296187,2024-01-28 10:00:00,-0.16567470905767367,1,83
user_016,241.07163057054353,2024-01-28 14:00:00,0.0608502300181164,0,22
user_016,309.2978336303239,2024-01-28 21:00:00,0.06100770519980059,0,22
user_016,43.954064838208176,2024-01-29 08:00:00,0.05744389387476345,0,23
user_016,256.41041751766676,2024-01-29 08:00:00,0.013784134643214485,0,35
user_016,91.04941835931791,2024-01-29 14:00:00,0.07000633721510663,0,20
user_016,194.6224929713562,2024-01-30 07:00:00,0.07046951321247247,0,20
user_017,55.00443512385014,2024-01-01 01:00:00,0.04739594659636942,0,26
user_017,251.24992511781556,2024-01-01 01:00:00,0.043625249862645876,0,27
user_017,154.6120653376537,2024-01-02 19:00:00,0.003053217226074434,0,38
user_017,327.20732435436156,2024-01-03 13:00:00,0.05168941666011306,0,25
user_017,43.78669264451899,2024-01-04 04:00:00,0.06872882461010993,0,20
user_017,122.54363566736107,2024-01-04 05:00:00,0.08093509859760584,0,17
user_017,79.34535981163584,2024-01-04 23:00:00,0.07776632143974849,0,18
user_017,47.324574317041076,2024-01-05 07:00:00,0.09448370595581962,0,13
user_017,667.8028455507019,2024-01-05 17:00:00,0.0006452773937768441,0,38
user_017,143.88893961922892,2024-01-05 18:00:00,0.08235861789981747,0,16
user_017,157.18334833406044,2024-01-05 20:00:00,0.09867334977171804,0,12
user_017,98.3147282645543,2024-01-05 22:00:00,0.09025347919413668,0,14
user_017,209.26859900118754,2024-01-05 23:00:00,0.07426977689048597,0,19
user_017,112.5262693940426,2024-01-06 01:00:00,0.09504707943563862,0,13
user_017,122.01441334317121,2024-01-06 06:00:00,0.10691023613943523,0,10
user_017,236.28659669325694,2024-01-06 09:00:00,0.08760246154587487,0,15
user_017,78.21852915739665,2024-01-08 04:00:00,-0.006011021510004544,1,40
user_017,330.6090764971769,2024-01-08 14:00:00,0.06682910465794811,0,21
user_017,40.0921117653566,2024-01-08 14:00:00,0.040528528497873806,0,28
user_017,177.27478757915196,2024-01-09 23:00:00,0.02114799123532718,0,33
user_017,203.75995646483898,2024-01-10 18:00:00,0.06561064474887657,0,21
user_017,201.90590436377454,2024-01-10 20:00:00,0.0886801425896469,0,15
user_017,109.614356840132,2024-01-12 02:00:00,0.044995124141712584,0,26
user_017,146.13292606359258,2024-01-12 03:00:00,0.08185890324943174,0,17
user_017,14.359723030053978,2024-01-12 14:00:00,0.0594764737045429,0,23
user_017,303.08112049759615,2024-01-13 13:00:00,0.037486264641245604,0,28
user_017,233.11128137528337,2024-01-14 21:00:00,0.015438996306801345,0,34
user_017,87.47368424673033,2024-01-15 17:00:00,0.07023779643509381,0,20
user_017,376.37440305813266,2024-01-16 18:00:00,0.009988593730416162,0,36
user_017,90.70831128883786,2024-01-16 21:00:00,0.09469022163147522,0,13
user_017,104.60760337966083,2024-01-17 09:00:00,0.09275833925557475,0,14
user_017,143.630887828647,2024-01-18 15:00:00,0.03901924488305897,0,28
user_017,764.223271284513,2024-01-19 04:00:00,-0.030291896850551003,1,46
user_017,39.09421511731928,2024-01-19 12:00:00,0.08925110421829946,0,15
user_017,31.08760514350644,2024-01-19 14:00:00,0.07092777429489522,0,19
user_017,158.9151845369436,2024-01-19 19:00:00,0.10810431498598361,0,10
user_017,49.533743858275834,2024-01-20 04:00:00,0.08461899512182991,0,16
user_017,113.42153876361844,2024-01-20 19:00:00,0.08765883095483645,0,15
user_017,43.042115040120805,2024-01-21 02:00:00,0.09435585917981743,0,13
user_017,503.9620234258637,2024-01-21 16:00:00,0.022216645775002486,0,32
user_017,230.09119694930618,2024-01-21 21:00:00,0.0955416880092394,0,13
user_017,146.24477242419522,2024-01-22 03:00:00,0.10349033829391546,0,11
user_017,115.01932470184163,2024-01-23 12:00:00,0.030065629770873015,0,30
user_017,138.14805376661317,2024-01-23 21:00:00,0.09403033415890827,0,13
user_017,791.5067584902051,2024-01-24 10:00:00,-0.031063588207282944,1,47
user_017,893.5162815406168,2024-01-24 21:00:00,-0.04497421189535411,1,50
user_017,90.17318660890717,2024-01-24 23:00:00,0.08999447961496265,0,14
user_017,282.97992241180197,2024-01-25 01:00:00,0.07184874022877469,0,19
user_017,345.8529015638655,2024-01-25 11:00:00,0.06704432440302455,0,20
user_017,46.73456729553557,2024-01-26 01:00:00,0.07305130226061735,0,19
user_017,720.7069370738868,2024-01-26 07:00:00,-0.005127639100360737,1,40
user_017,151.22674065868466,2024-01-26 19:00:00,0.09382225533282457,0,13
user_017,23.549998780249634,2024-01-27 09:00:00,0.05744404348309751,0,23
user_017,55.791817697241555,2024-01-29 04:00:00,-0.011917773781862429,1,42
user_017,136.90447500516947,2024-01-29 18:00:00,0.08467330665227885,0,16
user_017,63.05901804071291,2024-01-29 19:00:00,0.07211266860952281,0,19
user_017,89.13413968170664,2024-01-30 00:00:00,0.10414755470187453,0,11
user_017,314.78901414057503,2024-01-30 08:00:00,0.07195429984966883,0,19
user_017,537.1452882977396,2024-01-30 13:00:00,0.03225904692377446,0,30
user_017,801.9031684834903,2024-01-30 13:00:00,-0.05219596461195575,1,52
user_018,185.63603426440557,2024-01-02 15:00:00,0.08522208125780861,0,16
user_018,48.49111889294957,2024-01-02 15:00:00,0.04936625196683009,0,25
user_018,332.66054864824764,2024-01-03 04:00:00,0.0886810392700127,0,15
user_018,434.27675365409317,2024-01-03 12:00:00,0.07192945802028905,0,19
user_018,45.89837865342757,2024-01-03 13:00:00,0.07325107140139087,0,19
user_018,153.00626224575652,2024-01-04 15:00:00,0.07798541602904491,0,18
user_018,203.60871254155035,2024-01-04 17:00:00,0.09418446597145402,0,13
user_018,92.58456803572356,2024-01-06 22:00:00,-0.01648627995594154,1,43
user_018,51.283405616419884,2024-01-06 22:00:00,0.04969782884995305,0,25
user_018,131.97323552390964,2024-01-07 04:00:00,0.10582252376393347,0,10
user_018,18.663674807726558,2024-01-07 12:00:00,0.0822537862292585,0,16
user_018,595.0176812223443,2024-01-07 16:00:00,0.0562733405969697,0,23
user_018,176.76709382674886,2024-01-07 18:00:00,0.09229520954853299,0,14
user_018,35.31759111866283,2024-01-07 22:00:00,0.09037823878549434,0,14
user_018,120.14074307144082,2024-01-10 00:00:00,-0.0008682178296780529,1,39
user_018,119.90834077398578,2024-01-10 06:00:00,0.10773546816139945,0,10
user_018,184.68253353427394,2024-01-12 06:00:00,-0.004536527923983624,1,40
user_018,109.97591897209716,2024-01-13 04:00:00,0.09835959490823665,0,12
user_018,212.89060126304912,2024-01-13 07:00:00,0.09905769574594381,0,12
user_018,289.59057918071744,2024-01-13 14:00:00,0.10468432084325485,0,10
user_018,394.21603769036255,2024-01-13 17:00:00,0.07025099981607225,0,20
user_018,114.79902284823316,2024-01-14 00:00:00,0.11342412198516533,0,8
user_018,22.43134405758427,2024-01-14 07:00:00,0.08533451911187179,0,16
user_018,157.30848001702205,2024-01-17 01:00:00,-0.061367942212977145,1,55
user_018,228.2799375484313,2024-01-18 10:00:00,0.04081362258652865,0,27
user_018,496.54069792146686,2024-01-18 18:00:00,0.06263060209672039,0,22
user_018,245.53244137595215,2024-01-18 19:00:00,0.08187384576213996,0,17
user_018,152.65839481168297,2024-01-18 20:00:00,0.08669827398977348,0,15
user_018,528.8472221264883,2024-01-19 22:00:00,0.015851880555544207,0,34
user_018,227.05194917148134,2024-01-20 03:00:00,0.10291193896068174,0,11
user_018,367.1930059142675,2024-01-20 12:00:00,0.07966349611225748,0,17
user_018,32.24774564449643,2024-01-21 08:00:00,0.06994378689815128,0,20
user_018,13.14129733249121,2024-01-22 14:00:00,0.02690773984705941,0,31
user_018,17.0352674273525,2024-01-22 23:00:00,0.07607720736402601,0,18
user_018,1758.6108072066017,2024-01-23 15:00:00,-0.1408328152022298,1,76
user_018,81.43019497745084,2024-01-24 12:00:00,0.08374382259413432,0,16
user_018,301.90404658940486,2024-01-24 17:00:00,0.09334829369183861,0,13
user_018,520.2746621508177,2024-01-25 04:00:00,0.05521821411344524,0,24
user_018,103.80919775780242,2024-01-25 13:00:00,0.10891687434698233,0,9
user_018,88.44569085263905,2024-01-25 16:00:00,0.09873622284703726,0,12
user_018,37.46130222011423,2024-01-26 18:00:00,0.05867734556899157,0,23
user_018,215.95540211643421,2024-01-28 15:00:00,0.0012541449516583203,0,38
user_018,121.16506388755522,2024-01-29 10:00:00,0.10146558816876727,0,11
user_019,61.87976860329342,2024-01-01 14:00:00,0.1041234304712026,0,11
user_019,86.19181580169194,2024-01-01 17:00:00,0.1334385454110773,0,3
user_019,347.9875795717742,2024-01-01 22:00:00,0.0968218371524906,0,13
user_019,126.63710513343848,2024-01-02 06:00:00,0.13738746847296895,0,2
user_019,578.6273124720366,2024-01-02 06:00:00,-0.006045665224354901,1,40
user_019,41.78835442694335,2024-01-02 10:00:00,0.13292126677490368,0,3
user_019,426.6895966995464,2024-01-04 09:00:00,-0.030196398960356863,1,46
user_019,202.5339578548415,2024-01-04 18:00:00,0.12765296822004712,0,4
user_019,49.0917903793943,2024-01-05 04:00:00,0.1391894919161154,0,1
user_019,90.08041401193036,2024-01-05 07:00:00,0.13404469931249385,0,3
user_019,429.33363917050787,2024-01-05 12:00:00,0.08361601465789231,0,16
user_019,151.23722385226048,2024-01-05 21:00:00,0.1326051035064374,0,3
user_019,279.93020047003336,2024-01-06 11:00:00,0.11577194885484471,0,7
user_019,229.42033576139212,2024-01-07 01:00:00,0.1283864713172742,0,4
user_019,250.12019082107295,2024-01-07 07:00:00,0.11985516277414776,0,6
user_019,383.4245986478502,2024-01-08 08:00:00,0.04464780480516228,0,26
user_019,134.47951299707782,2024-01-09 17:00:00,0.07776513693337583,0,18
user_019,190.44885554865945,2024-01-10 07:00:00,0.1294890998071207,0,4
user_019,102.51293339868572,2024-01-11 21:00:00,0.05634450863234919,0,23
user_019,38.19089132590862,2024-01-12 03:00:00,0.1379264464406857,0,2
user_019,94.82997206473424,2024-01-12 19:00:00,0.13245157840879584,0,3
user_019,39.99598163029265,2024-01-13 23:00:00,0.08295728882398046,0,16
user_019,172.30851526582993,2024-01-14 05:00:00,0.13559799793483618,0,2
user_019,708.0109126073222,2024-01-14 06:00:00,-0.02816206472153282,1,46
user_019,219.66079810106137,2024-01-14 11:00:00,0.12837467279755033,0,4
user_019,273.3655290209885,2024-01-16 10:00:00,0.001689527675184932,0,38
user_019,135.01407038777867,2024-01-16 12:00:00,0.12459777774372588,0,5
user_019,59.92014592851613,2024-01-16 13:00:00,0.11332929065252118,0,8
user_019,84.55478930143423,2024-01-16 21:00:00,0.14390089994486177,0,0
user_019,79.16348433333818,2024-01-17 06:00:00,0.13789844681849683,0,2
user_019,87.64061809359863,2024-01-17 13:00:00,0.14484138616671777,0,0
user_019,65.66072322511833,2024-01-17 20:00:00,0.14549582589474275,0,0
user_019,25.565927644003157,2024-01-19 14:00:00,0.0356056407213432,0,29
user_019,58.33940393277564,2024-01-19 21:00:00,0.1428631275385856,0,0
user_019,290.0983192089785,2024-01-19 23:00:00,0.10355681978021297,0,11
user_019,72.21891607923335,2024-01-21 08:00:00,0.08109244443302194,0,17
user_019,52.096044122099954,2024-01-21 10:00:00,0.1264957611845271,0,5
user_019,76.75254830207406,2024-01-21 12:00:00,0.13037479124411028,0,4
user_019,92.99685321426414,2024-01-21 16:00:00,0.14037729157435358,0,1
user_019,360.92231943264125,2024-01-22 03:00:00,0.09335971922073827,0,13
user_019,502.0811960326266,2024-01-22 12:00:00,0.06396284445099754,0,21
user_019,79.20848899856901,2024-01-23 15:00:00,0.10067687134406617,0,12
user_019,131.1408142373267,2024-01-23 20:00:00,0.14084247184090387,0,1
user_019,161.91104317969672,2024-01-24 11:00:00,0.1321094628120142,0,3
user_019,101.66744223619787,2024-01-24 18:00:00,0.1444697673940743,0,0
user_019,175.63275443419553,2024-01-25 04:00:00,0.13267886067708745,0,3
user_019,93.12693901604469,2024-01-25 04:00:00,0.0869377311999423,0,15
user_019,130.2759449163384,2024-01-26 08:00:00,0.09643559589154205,0,13
user_019,160.26871623495433,2024-01-28 06:00:00,0.028008818375025557,0,31
user_019,39.04268915785826,2024-01-28 12:00:00,0.13787007937168227,0,2
user_019,39.703122589281705,2024-01-28 21:00:00,0.13207618772999513,0,3
user_019,362.22430984008855,2024-01-29 03:00:00,0.09149573375912645,0,14
user_019,185.5341410925815,2024-01-29 14:00:00,0.13311937515736677,0,3
user_020,329.1144062554539,2024-01-03 20:00:00,0.041055351656354266,0,27
user_020,271.09714070571977,2024-01-07 09:00:00,-0.14270678145478388,1,76
user_020,512.3184236609437,2024-01-07 15:00:00,0.026694655315430027,0,31
user_020,308.692320538929,2024-01-10 10:00:00,-0.10213059400229185,1,66
user_020,235.32219446901686,2024-01-11 18:00:00,0.0320985121838111,0,30
user_020,136.19759698559642,2024-01-12 18:00:00,0.08390697105574452,0,16
user_020,166.52605755789543,2024-01-12 19:00:00,0.06386485609420078,0,21
user_020,198.32018321012168,2024-01-13 12:00:00,0.08836080370896476,0,15
user_020,267.13736059899037,2024-01-14 00:00:00,0.07523077746439438,0,18
user_020,491.2214044913568,2024-01-14 01:00:00,0.008592990792066768,0,36
user_020,293.3730714136855,2024-01-14 05:00:00,0.06226154955132157,0,22
user_020,126.31660980399445,2024-01-14 21:00:00,0.09904256460658895,0,12
user_020,190.41359892566012,2024-01-15 01:00:00,0.08782470242327789,0,15
user_020,452.1204529761491,2024-01-16 00:00:00,0.023373544956810988,0,32
user_020,338.0421473334556,2024-01-17 01:00:00,0.03896139136281318,0,28
user_020,56.17017721354061,2024-01-17 14:00:00,0.09931955198387804,0,12
user_020,318.65087843512816,2024-01-17 21:00:00,0.05966539605095522,0,22
user_020,21.160082094372957,2024-01-18 05:00:00,0.07685847738611762,0,18
user_020,242.41138512332105,2024-01-18 13:00:00,0.0811124389739874,0,17
user_020,197.38878753461395,2024-01-19 08:00:00,0.078830604821088,0,17
user_020,348.19883276178354,2024-01-19 21:00:00,0.060413212144875605,0,22
user_020,97.30231925653094,2024-01-20 19:00:00,0.09295959397520781,0,14
user_020,91.00415948340527,2024-01-21 02:00:00,0.10447539098976899,0,10
user_020,93.18155716330683,2024-01-21 09:00:00,0.10607024114726638,0,10
user_020,112.09255602864648,2024-01-21 13:00:00,0.1011421924439358,0,11
user_020,80.39124820526364,2024-01-22 01:00:00,0.10477267919753058,0,10
user_020,74.67043601134289,2024-01-22 05:00:00,0.10036270346086174,0,12
user_020,132.85609778402517,2024-01-22 11:00:00,0.09133481375340152,0,14
user_020,85.86018038054972,2024-01-22 21:00:00,0.10240340065874554,0,11
user_020,110.38594022186655,2024-01-23 07:00:00,0.09889652707551677,0,12
user_020,163.43800086058357,2024-01-23 19:00:00,0.0906625927757782,0,14
user_020,88.37570491431048,2024-01-26 00:00:00,-0.009280418866477791,1,41
user_020,132.96185527331903,2024-01-26 04:00:00,0.09651934072845414,0,13
user_020,86.10928759483123,2024-01-27 22:00:00,0.033154415906550216,0,30
user_020,81.4332057474016,2024-01-28 15:00:00,0.10374490312989937,0,11
user_020,68.00124362927339,2024-01-28 17:00:00,0.08477854805325358,0,16
user_020,46.60162029506334,2024-01-29 00:00:00,0.09639383817838254,0,13
user_020,118.9551315738692,2024-01-29 13:00:00,0.10492981366032611,0,10
user_020,87.95382021138424,2024-01-30 02:00:00,0.11000614384734392,0,9
user_020,405.4924126567527,2024-01-30 10:00:00,0.047200976441916453,0,26
