user_id,amount,timestamp
user_001,138.29,2024-01-15 02:13:00
user_001,188.37,2024-01-15 17:12:00
user_001,174.84,2024-01-15 23:17:00
user_001,143.09,2024-01-22 07:08:00
user_001,228.96,2024-01-22 16:38:00
user_001,7204.41,2024-02-02 08:51:00
user_001,138.29,2024-02-02 13:02:00
user_001,182.38,2024-02-07 03:43:00
user_001,226.15,2024-02-07 17:05:00
user_001,13693.0,2024-02-08 05:44:00
user_002,126.83,2024-01-17 12:06:00
user_002,177.13,2024-01-21 10:06:00
user_002,104.6,2024-01-21 22:04:00
user_002,162.1,2024-01-23 01:46:00
user_002,126.53,2024-01-25 08:09:00
user_002,126.71,2024-01-26 11:38:00
user_002,54.34,2024-01-29 17:07:00
user_002,121.89,2024-02-01 09:53:00
user_002,99.36,2024-02-04 19:56:00
user_002,11612.63,2024-02-08 09:05:00
user_002,165.71,2024-02-11 11:36:00
user_002,63.75,2024-02-13 12:05:00
user_003,155.55,2024-01-17 19:40:00
user_003,92.45,2024-01-20 17:46:00
user_003,168.78,2024-01-22 05:29:00
user_003,223.28,2024-01-23 14:40:00
user_003,153.38,2024-01-26 11:13:00
user_003,78.76,2024-02-05 08:44:00
user_003,10569.5,2024-02-05 10:53:00
user_003,138.71,2024-02-10 11:10:00
user_003,79.38,2024-02-11 03:24:00
user_003,7699.48,2024-02-13 20:44:00
user_003,122.78,2024-02-13 21:41:00
user_004,119.91,2024-01-17 06:58:00
user_004,88.96,2024-01-19 08:08:00
user_004,119.97,2024-01-22 01:51:00
user_004,135.42,2024-01-25 12:17:00
user_004,12449.89,2024-02-01 08:47:00
user_004,97.11,2024-02-04 15:25:00
user_004,149.33,2024-02-06 10:13:00
user_004,191.13,2024-02-12 20:29:00
user_004,242.61,2024-02-14 18:56:00
user_005,186.92,2024-01-18 04:40:00
user_005,158.57,2024-01-20 21:27:00
user_005,12685.99,2024-01-25 03:18:00
user_005,52.02,2024-01-26 07:08:00
user_005,134.94,2024-01-27 19:29:00
user_005,160.44,2024-01-28 18:25:00
user_005,9347.65,2024-01-29 00:46:00
user_005,76.07,2024-01-31 08:35:00
user_005,83.59,2024-01-31 15:05:00
user_005,144.22,2024-02-03 02:24:00
user_005,126.97,2024-02-07 03:43:00
user_005,159.84,2024-02-08 01:55:00
user_005,114.01,2024-02-11 00:43:00
user_005,202.86,2024-02-12 17:48:00
user_006,196.56,2024-01-15 19:20:00
user_006,116.15,2024-01-21 04:23:00
user_006,7394.52,2024-01-22 18:05:00
user_006,108.04,2024-01-30 00:07:00
user_006,5856.53,2024-01-30 02:48:00
user_006,167.18,2024-01-31 05:32:00
user_006,166.2,2024-02-04 09:53:00
user_006,130.75,2024-02-04 16:38:00
user_006,180.58,2024-02-08 05:34:00
user_006,61.85,2024-02-13 03:55:00
user_006,134.54,2024-02-13 11:56:00
user_006,201.55,2024-02-14 16:58:00
user_007,10884.4,2024-01-15 02:45:00
user_007,126.04,2024-01-20 08:33:00
user_007,190.63,2024-01-21 22:19:00
user_007,168.08,2024-01-22 07:04:00
user_007,117.74,2024-01-25 00:37:00
user_007,146.4,2024-01-26 14:57:00
user_007,217.81,2024-01-27 21:41:00
user_007,200.18,2024-01-31 14:07:00
user_007,90.19,2024-02-01 23:44:00
user_007,198.78,2024-02-05 15:35:00
user_007,166.56,2024-02-08 04:08:00
user_007,140.72,2024-02-11 19:27:00
user_007,94.68,2024-02-14 06:59:00
user_008,226.9,2024-01-16 10:04:00
user_008,168.07,2024-01-22 02:57:00
user_008,5969.31,2024-01-28 11:27:00
user_008,154.35,2024-01-30 07:50:00
user_008,135.05,2024-01-30 13:12:00
user_008,148.21,2024-01-31 07:17:00
user_008,19.01,2024-02-01 04:46:00
user_008,228.23,2024-02-05 15:13:00
user_008,191.1,2024-02-13 18:36:00
user_009,123.51,2024-01-16 20:34:00
user_009,139.02,2024-01-18 01:25:00
user_009,124.91,2024-01-20 08:29:00
user_009,124.09,2024-01-21 06:34:00
user_009,195.77,2024-01-22 02:28:00
user_009,109.58,2024-01-29 04:27:00
user_009,154.59,2024-01-29 23:03:00
user_009,50.62,2024-02-05 20:41:00
user_009,167.86,2024-02-07 10:51:00
user_009,166.44,2024-02-09 17:06:00
user_009,223.89,2024-02-11 03:15:00
user_009,14689.96,2024-02-13 07:10:00
user_010,114.9,2024-01-15 12:16:00
user_010,198.43,2024-01-16 05:24:00
user_010,163.05,2024-01-21 09:13:00
user_010,130.39,2024-01-28 22:46:00
user_010,175.66,2024-01-30 15:13:00
user_010,14193.87,2024-01-31 05:03:00
user_010,5571.65,2024-02-02 15:32:00
user_010,164.81,2024-02-06 15:09:00
user_010,138.27,2024-02-07 17:03:00
user_010,76.82,2024-02-09 17:42:00
user_010,154.85,2024-02-11 12:57:00
user_010,133.62,2024-02-13 14:18:00
user_010,150.26,2024-02-14 01:37:00
user_011,79.23,2024-01-17 05:04:00
user_011,109.89,2024-01-18 18:15:00
user_011,162.88,2024-01-23 06:42:00
user_011,54.06,2024-01-23 12:08:00
user_011,158.73,2024-01-31 10:59:00
user_011,9582.86,2024-02-02 03:04:00
user_011,141.94,2024-02-02 19:02:00
user_011,170.2,2024-02-03 02:26:00
user_011,128.97,2024-02-03 02:43:00
user_011,244.31,2024-02-05 18:36:00
user_011,148.67,2024-02-05 20:19:00
user_011,146.28,2024-02-06 10:15:00
user_011,8161.77,2024-02-08 02:00:00
user_011,132.86,2024-02-11 07:25:00
user_012,140.38,2024-01-17 07:23:00
user_012,220.14,2024-01-18 03:47:00
user_012,273.16,2024-01-19 11:56:00
user_012,153.01,2024-01-21 16:16:00
user_012,165.08,2024-01-24 05:28:00
user_012,91.57,2024-01-24 19:51:00
user_012,79.91,2024-02-01 04:17:00
user_012,207.14,2024-02-04 16:00:00
user_012,187.6,2024-02-05 17:19:00
user_012,11048.3,2024-02-06 10:13:00
user_012,148.26,2024-02-10 17:45:00
user_012,11874.97,2024-02-11 08:32:00
user_012,189.55,2024-02-13 21:06:00
user_012,104.53,2024-02-14 04:16:00
user_013,173.68,2024-01-16 11:37:00
user_013,153.43,2024-01-18 02:56:00
user_013,100.47,2024-01-23 01:00:00
user_013,179.34,2024-01-23 01:05:00
user_013,154.98,2024-01-23 05:47:00
user_013,121.69,2024-01-25 04:40:00
user_013,5418.29,2024-01-26 01:57:00
user_013,72.47,2024-01-28 17:00:00
user_013,124.83,2024-01-29 17:45:00
user_013,104.03,2024-02-01 04:27:00
user_013,259.52,2024-02-04 13:53:00
user_013,96.88,2024-02-06 04:34:00
user_014,215.36,2024-01-20 05:56:00
user_014,227.5,2024-01-21 21:15:00
user_014,69.63,2024-01-28 00:11:00
user_014,110.84,2024-02-05 03:22:00
user_014,88.46,2024-02-07 04:59:00
user_014,159.23,2024-02-07 10:50:00
user_014,133.9,2024-02-08 17:56:00
user_014,7668.06,2024-02-09 22:06:00
user_014,190.68,2024-02-11 13:39:00
user_014,161.37,2024-02-13 07:55:00
user_014,162.99,2024-02-13 13:51:00
user_015,164.85,2024-01-15 21:12:00
user_015,116.0,2024-01-23 11:41:00
user_015,176.1,2024-01-24 07:14:00
user_015,162.52,2024-01-27 10:17:00
user_015,6084.03,2024-01-28 11:46:00
user_015,88.15,2024-01-30 07:12:00
user_015,161.61,2024-01-31 12:43:00
user_015,83.98,2024-02-10 14:22:00
user_015,164.65,2024-02-10 17:21:00
user_015,189.09,2024-02-11 01:54:00
user_015,167.32,2024-02-11 02:49:00
user_015,114.28,2024-02-14 00:07:00
user_015,6785.68,2024-02-14 08:02:00
user_016,101.27,2024-01-15 16:59:00
user_016,182.83,2024-01-16 22:27:00
user_016,173.69,2024-01-18 12:57:00
user_016,11633.87,2024-01-18 23:57:00
user_016,8003.22,2024-01-24 21:26:00
user_016,198.17,2024-01-28 02:42:00
user_016,243.29,2024-01-28 19:32:00
user_016,90.43,2024-02-02 06:16:00
user_016,108.97,2024-02-05 06:23:00
user_016,207.93,2024-02-07 23:47:00
user_016,189.35,2024-02-09 17:43:00
user_016,170.64,2024-02-13 10:39:00
user_017,105.52,2024-01-20 19:36:00
user_017,9421.6,2024-01-21 16:30:00
user_017,167.06,2024-01-24 06:27:00
user_017,109.21,2024-01-24 12:35:00
user_017,191.1,2024-01-27 22:18:00
user_017,137.73,2024-01-28 21:24:00
user_017,244.84,2024-02-01 04:12:00
user_017,191.36,2024-02-04 10:29:00
user_017,112.31,2024-02-05 23:57:00
user_017,163.83,2024-02-09 18:38:00
user_017,146.14,2024-02-10 00:19:00
user_017,12937.35,2024-02-14 23:10:00
user_018,107.14,2024-01-16 07:30:00
user_018,136.77,2024-01-17 07:43:00
user_018,181.28,2024-01-21 04:01:00
user_018,286.01,2024-01-24 07:51:00
user_018,150.65,2024-01-24 16:42:00
user_018,12183.46,2024-01-27 15:25:00
user_018,174.12,2024-01-28 20:36:00
user_018,96.46,2024-02-03 02:29:00
user_018,222.68,2024-02-04 19:21:00
user_019,185.7,2024-01-15 03:49:00
user_019,127.67,2024-01-19 14:42:00
user_019,138.83,2024-01-19 20:44:00
user_019,74.26,2024-01-22 03:29:00
user_019,160.7,2024-01-25 14:39:00
user_019,173.66,2024-01-28 07:11:00
user_019,107.66,2024-01-29 01:35:00
user_019,192.82,2024-01-31 17:38:00
user_019,13305.69,2024-02-01 14:57:00
user_019,146.36,2024-02-09 22:33:00
user_019,6591.58,2024-02-11 15:28:00
user_020,178.04,2024-01-19 07:24:00
user_020,152.91,2024-01-24 07:17:00
user_020,92.85,2024-01-25 10:57:00
user_020,5642.29,2024-01-28 10:34:00
user_020,157.69,2024-01-29 02:45:00
user_020,167.89,2024-02-01 02:08:00
user_020,105.81,2024-02-04 07:17:00
user_020,158.66,2024-02-04 08:49:00
user_020,204.15,2024-02-06 04:45:00
user_020,87.71,2024-02-08 07:53:00
user_020,169.27,2024-02-08 16:31:00
user_021,175.75,2024-01-15 18:24:00
user_021,197.7,2024-01-22 15:14:00
user_021,182.57,2024-01-23 13:31:00
user_021,175.75,2024-01-24 12:54:00
user_021,202.69,2024-01-28 01:13:00
user_021,175.69,2024-01-30 00:22:00
user_021,8888.57,2024-02-05 21:51:00
user_021,178.54,2024-02-07 23:34:00
user_021,206.78,2024-02-09 19:57:00
user_021,81.12,2024-02-10 13:24:00
user_021,342.64,2024-02-12 13:34:00
user_021,103.11,2024-02-12 18:44:00
user_022,56.64,2024-01-16 08:24:00
user_022,12490.24,2024-01-16 11:14:00
user_022,7522.72,2024-01-17 15:01:00
user_022,184.31,2024-01-25 06:29:00
user_022,69.36,2024-01-25 10:48:00
user_022,138.16,2024-01-27 18:36:00
user_022,187.95,2024-01-29 04:39:00
user_022,111.36,2024-02-01 00:58:00
user_022,154.09,2024-02-04 13:08:00
user_022,125.73,2024-02-05 00:05:00
user_022,134.24,2024-02-07 05:53:00
user_022,265.73,2024-02-11 14:11:00
user_022,126.4,2024-02-12 12:17:00
user_023,114.23,2024-01-19 07:08:00
user_023,12777.92,2024-01-20 09:06:00
user_023,96.11,2024-01-21 00:39:00
user_023,152.28,2024-01-26 05:38:00
user_023,183.98,2024-01-30 21:07:00
user_023,113.48,2024-02-02 06:29:00
user_023,160.82,2024-02-06 08:49:00
user_023,153.21,2024-02-08 00:15:00
user_023,204.45,2024-02-08 20:02:00
user_024,117.42,2024-01-15 09:36:00
user_024,48.74,2024-01-17 18:44:00
user_024,13223.31,2024-01-18 13:23:00
user_024,116.91,2024-01-18 22:49:00
user_024,192.62,2024-01-24 21:38:00
user_024,193.29,2024-01-26 02:32:00
user_024,175.25,2024-02-01 13:42:00
user_024,144.26,2024-02-02 01:22:00
user_024,89.99,2024-02-04 10:00:00
user_024,257.2,2024-02-05 12:25:00
user_024,110.37,2024-02-09 03:50:00
user_024,11355.85,2024-02-10 14:45:00
user_024,159.32,2024-02-10 20:15:00
user_024,181.7,2024-02-14 22:12:00
user_025,195.89,2024-01-22 02:17:00
user_025,86.96,2024-01-23 10:54:00
user_025,9875.5,2024-01-26 08:21:00
user_025,133.27,2024-01-28 05:46:00
user_025,8363.97,2024-01-30 10:11:00
user_025,238.27,2024-01-30 14:27:00
user_025,126.25,2024-01-31 20:17:00
user_025,117.33,2024-02-03 17:49:00
user_025,201.62,2024-02-08 14:36:00
user_025,170.25,2024-02-10 23:37:00
user_025,256.11,2024-02-12 14:15:00
user_026,213.35,2024-01-15 16:12:00
user_026,114.62,2024-01-17 07:46:00
user_026,10.69,2024-01-24 07:25:00
user_026,172.19,2024-01-28 15:35:00
user_026,147.02,2024-01-30 14:50:00
user_026,103.65,2024-01-30 20:45:00
user_026,9732.6,2024-01-31 11:27:00
user_026,14966.31,2024-02-01 10:22:00
user_026,98.78,2024-02-06 07:19:00
user_026,188.73,2024-02-08 07:44:00
user_026,125.79,2024-02-12 08:35:00
user_026,74.03,2024-02-12 19:44:00
user_027,12080.18,2024-01-19 08:02:00
user_027,150.51,2024-01-21 09:14:00
user_027,231.62,2024-01-21 10:07:00
user_027,156.54,2024-01-21 23:30:00
user_027,87.61,2024-01-22 03:46:00
user_027,137.37,2024-01-23 09:16:00
user_027,222.06,2024-01-23 23:37:00
user_027,208.16,2024-01-24 03:53:00
user_027,100.92,2024-01-26 05:19:00
user_027,128.0,2024-02-06 05:12:00
user_027,78.49,2024-02-07 17:48:00
user_027,78.21,2024-02-08 16:38:00
user_028,9007.07,2024-01-17 18:40:00
user_028,130.73,2024-01-24 15:30:00
user_028,155.68,2024-01-29 10:11:00
user_028,173.11,2024-02-01 09:44:00
user_028,153.49,2024-02-11 00:36:00
user_028,119.99,2024-02-11 15:06:00
user_028,183.11,2024-02-14 01:16:00
user_028,159.95,2024-02-14 04:40:00
user_028,229.3,2024-02-14 15:07:00
user_029,10686.29,2024-01-16 19:47:00
user_029,88.11,2024-01-19 04:51:00
user_029,52.4,2024-01-22 03:35:00
user_029,118.87,2024-01-29 14:19:00
user_029,256.65,2024-02-02 09:05:00
user_029,179.42,2024-02-03 19:14:00
user_029,5992.34,2024-02-08 06:40:00
user_029,142.41,2024-02-08 13:38:00
user_029,164.05,2024-02-08 16:24:00
user_029,139.59,2024-02-11 18:27:00
user_030,167.85,2024-01-15 13:28:00
user_030,120.53,2024-01-20 07:11:00
user_030,13039.06,2024-01-21 13:07:00
user_030,125.35,2024-01-23 21:05:00
user_030,194.98,2024-01-24 01:14:00
user_030,165.36,2024-01-24 22:18:00
user_030,192.48,2024-02-01 02:10:00
user_030,12878.28,2024-02-04 18:42:00
user_030,181.48,2024-02-05 07:59:00
user_030,190.64,2024-02-06 14:04:00
user_030,115.35,2024-02-06 19:30:00
user_031,139.12,2024-01-16 13:47:00
user_031,187.36,2024-01-19 02:03:00
user_031,180.52,2024-01-20 09:38:00
user_031,108.55,2024-01-22 20:09:00
user_031,155.87,2024-01-24 14:07:00
user_031,204.94,2024-01-25 19:16:00
user_031,139.89,2024-01-29 02:38:00
user_031,213.88,2024-01-29 22:19:00
user_031,177.35,2024-01-31 17:31:00
user_031,120.42,2024-02-06 12:17:00
user_031,148.95,2024-02-07 18:58:00
user_031,121.99,2024-02-13 08:52:00
user_031,5913.27,2024-02-14 21:53:00
user_032,215.27,2024-01-16 05:30:00
user_032,179.76,2024-01-18 05:21:00
user_032,254.62,2024-01-24 21:25:00
user_032,9548.26,2024-01-25 08:20:00
user_032,154.85,2024-01-25 10:42:00
user_032,109.09,2024-01-28 22:31:00
user_032,143.49,2024-01-30 11:26:00
user_032,151.05,2024-01-31 20:28:00
user_032,191.27,2024-02-02 00:48:00
user_032,134.49,2024-02-02 13:40:00
user_032,190.68,2024-02-05 08:36:00
user_032,166.21,2024-02-10 15:05:00
user_032,184.1,2024-02-13 08:11:00
user_033,105.14,2024-01-23 17:08:00
user_033,189.58,2024-01-28 01:12:00
user_033,149.39,2024-01-29 01:13:00
user_033,89.29,2024-01-31 00:42:00
user_033,181.21,2024-01-31 11:39:00
user_033,5288.69,2024-02-04 19:51:00
user_033,9381.16,2024-02-06 15:07:00
user_033,99.7,2024-02-08 12:55:00
user_033,181.42,2024-02-08 15:40:00
user_033,207.91,2024-02-11 17:29:00
user_034,9567.86,2024-01-19 12:12:00
user_034,198.76,2024-01-28 02:14:00
user_034,108.89,2024-01-28 15:30:00
user_034,121.81,2024-01-31 22:17:00
user_034,116.14,2024-02-01 00:35:00
user_034,153.79,2024-02-06 05:19:00
user_034,142.65,2024-02-10 03:29:00
user_034,133.93,2024-02-10 04:31:00
user_034,170.65,2024-02-13 22:18:00
user_034,108.73,2024-02-14 03:41:00
user_035,162.25,2024-01-19 02:17:00
user_035,14807.75,2024-01-22 18:24:00
user_035,165.55,2024-01-25 17:48:00
user_035,114.08,2024-01-30 04:28:00
user_035,162.18,2024-01-31 23:56:00
user_035,223.77,2024-02-01 12:29:00
user_035,139.33,2024-02-01 15:22:00
user_035,79.63,2024-02-02 18:42:00
user_035,77.6,2024-02-07 09:53:00
user_035,124.65,2024-02-08 13:21:00
user_035,161.6,2024-02-10 00:18:00
user_035,192.88,2024-02-13 10:55:00
user_035,126.45,2024-02-13 16:17:00
user_036,149.05,2024-01-25 23:30:00
user_036,135.57,2024-01-30 01:08:00
user_036,226.64,2024-01-31 14:00:00
user_036,166.14,2024-01-31 18:21:00
user_036,9099.79,2024-02-04 04:04:00
user_036,149.07,2024-02-05 20:09:00
user_036,99.87,2024-02-06 12:24:00
user_036,108.64,2024-02-11 03:55:00
user_036,142.0,2024-02-11 13:02:00
user_036,175.97,2024-02-11 14:06:00
user_037,151.23,2024-01-17 07:40:00
user_037,129.94,2024-01-25 21:54:00
user_037,111.35,2024-02-01 01:39:00
user_037,161.2,2024-02-01 12:20:00
user_037,170.09,2024-02-03 22:25:00
user_037,184.51,2024-02-04 02:54:00
user_037,150.63,2024-02-04 22:56:00
user_037,174.9,2024-02-05 09:14:00
user_037,12603.7,2024-02-06 03:28:00
user_037,222.56,2024-02-07 02:27:00
user_037,154.88,2024-02-08 15:55:00
user_037,144.56,2024-02-09 08:21:00
user_038,257.66,2024-01-15 01:20:00
user_038,159.17,2024-01-19 07:33:00
user_038,108.01,2024-01-20 02:39:00
user_038,193.62,2024-01-26 11:27:00
user_038,259.49,2024-01-28 18:43:00
user_038,9976.67,2024-02-02 04:14:00
user_038,197.96,2024-02-06 09:57:00
user_038,111.63,2024-02-09 01:18:00
user_038,109.59,2024-02-09 05:10:00
user_038,120.03,2024-02-11 12:39:00
user_039,167.09,2024-01-20 02:28:00
user_039,83.99,2024-01-22 12:36:00
user_039,123.71,2024-01-23 21:00:00
user_039,197.52,2024-01-24 20:27:00
user_039,157.52,2024-01-24 21:34:00
user_039,174.6,2024-01-27 15:06:00
user_039,43.81,2024-02-04 08:29:00
user_039,14779.44,2024-02-05 12:17:00
user_039,121.15,2024-02-06 08:29:00
user_039,10748.12,2024-02-06 09:01:00
user_039,105.08,2024-02-11 09:12:00
user_039,112.04,2024-02-12 14:57:00
user_039,243.81,2024-02-14 11:37:00
user_040,70.28,2024-01-23 21:48:00
user_040,241.57,2024-02-02 21:49:00
user_040,126.54,2024-02-03 23:31:00
user_040,211.89,2024-02-04 06:39:00
user_040,208.97,2024-02-07 01:58:00
user_040,217.69,2024-02-09 07:38:00
user_040,144.27,2024-02-09 11:14:00
user_040,64.34,2024-02-10 09:49:00
user_040,11282.48,2024-02-12 20:41:00
user_041,152.35,2024-01-19 02:58:00
user_041,96.62,2024-01-19 17:56:00
user_041,127.5,2024-01-24 10:47:00
user_041,120.03,2024-01-24 14:02:00
user_041,142.88,2024-01-26 16:32:00
user_041,181.14,2024-01-28 05:12:00
user_041,150.26,2024-02-02 11:46:00
user_041,7569.7,2024-02-10 15:51:00
user_041,156.01,2024-02-13 08:53:00
user_042,166.62,2024-01-17 12:00:00
user_042,185.58,2024-01-18 14:04:00
user_042,93.77,2024-01-19 07:55:00
user_042,6083.46,2024-01-22 15:01:00
user_042,112.58,2024-01-23 17:07:00
user_042,213.88,2024-01-27 17:23:00
user_042,227.56,2024-01-29 11:43:00
user_042,208.96,2024-02-02 12:52:00
user_042,73.29,2024-02-05 23:43:00
user_042,175.72,2024-02-07 10:51:00
user_042,155.78,2024-02-07 21:16:00
user_042,11195.47,2024-02-14 17:20:00
user_043,198.58,2024-01-16 01:19:00
user_043,90.84,2024-01-19 13:41:00
user_043,218.43,2024-01-22 17:08:00
user_043,153.38,2024-01-22 20:04:00
user_043,101.75,2024-01-27 14:23:00
user_043,137.55,2024-01-28 03:08:00
user_043,182.27,2024-01-30 03:06:00
user_043,62.06,2024-02-02 23:46:00
user_043,13336.93,2024-02-03 13:17:00
user_043,253.04,2024-02-04 14:58:00
user_043,184.3,2024-02-05 23:44:00
user_043,237.77,2024-02-06 09:41:00
user_043,202.92,2024-02-14 17:26:00
user_044,231.43,2024-01-16 12:17:00
user_044,80.99,2024-01-21 03:54:00
user_044,136.53,2024-01-29 14:15:00
user_044,11417.04,2024-02-03 00:03:00
user_044,225.12,2024-02-05 11:34:00
user_044,48.04,2024-02-06 11:13:00
user_044,64.83,2024-02-10 14:05:00
user_044,185.88,2024-02-11 11:06:00
user_044,153.7,2024-02-12 20:22:00
user_045,124.31,2024-01-20 03:42:00
user_045,147.22,2024-01-22 04:50:00
user_045,168.33,2024-01-23 04:08:00
user_045,6318.03,2024-01-26 07:37:00
user_045,103.01,2024-02-01 08:51:00
user_045,169.2,2024-02-02 06:04:00
user_045,46.63,2024-02-02 06:52:00
user_045,84.78,2024-02-08 04:50:00
user_045,148.37,2024-02-10 17:13:00
user_045,145.54,2024-02-11 07:21:00
user_045,183.48,2024-02-12 19:00:00
user_046,97.04,2024-01-15 05:16:00
user_046,146.87,2024-01-16 04:47:00
user_046,144.65,2024-01-16 23:50:00
user_046,122.32,2024-01-24 14:41:00
user_046,197.76,2024-01-28 16:07:00
user_046,175.2,2024-01-29 11:32:00
user_046,5608.25,2024-01-30 12:27:00
user_046,110.36,2024-01-31 07:39:00
user_046,123.49,2024-02-02 03:28:00
user_046,100.71,2024-02-07 02:30:00
user_046,98.24,2024-02-13 21:33:00
user_047,151.76,2024-01-17 10:38:00
user_047,115.01,2024-01-19 02:08:00
user_047,160.7,2024-01-23 19:40:00
user_047,138.95,2024-01-25 12:38:00
user_047,248.24,2024-01-29 02:57:00
user_047,90.11,2024-01-30 22:58:00
user_047,180.71,2024-01-31 09:29:00
user_047,144.38,2024-02-02 17:45:00
user_047,5991.78,2024-02-06 03:54:00
user_047,11547.13,2024-02-12 17:46:00
user_048,6301.15,2024-01-16 18:35:00
user_048,137.55,2024-01-17 02:05:00
user_048,123.47,2024-01-22 13:21:00
user_048,34.9,2024-01-25 13:20:00
user_048,187.88,2024-01-28 14:56:00
user_048,136.25,2024-01-28 23:06:00
user_048,74.24,2024-02-05 08:23:00
user_048,5965.64,2024-02-07 11:51:00
user_048,121.21,2024-02-10 14:25:00
user_048,232.25,2024-02-13 15:04:00
user_048,218.34,2024-02-14 04:43:00
user_049,117.67,2024-01-18 08:36:00
user_049,160.17,2024-01-19 21:30:00
user_049,112.18,2024-01-22 03:22:00
user_049,95.92,2024-01-22 13:54:00
user_049,102.22,2024-01-24 11:06:00
user_049,178.83,2024-01-25 21:07:00
user_049,165.56,2024-01-28 11:55:00
user_049,69.68,2024-02-02 16:13:00
user_049,303.94,2024-02-05 13:55:00
user_049,11089.95,2024-02-05 22:17:00
user_049,78.89,2024-02-11 17:23:00
user_049,205.98,2024-02-13 23:03:00
user_049,143.6,2024-02-14 09:38:00
user_050,226.16,2024-01-15 02:47:00
user_050,106.94,2024-01-19 23:40:00
user_050,224.0,2024-01-20 04:36:00
user_050,234.36,2024-01-20 08:44:00
user_050,9536.46,2024-01-20 11:19:00
user_050,149.6,2024-01-25 11:00:00
user_050,176.95,2024-01-31 06:24:00
user_050,153.87,2024-02-05 12:04:00
user_050,194.08,2024-02-08 09:58:00
user_050,12215.96,2024-02-08 18:38:00
user_051,11671.33,2024-01-16 07:25:00
user_051,140.48,2024-01-20 19:03:00
user_051,178.15,2024-01-26 13:07:00
user_051,245.47,2024-01-28 08:13:00
user_051,80.86,2024-01-29 21:27:00
user_051,196.31,2024-01-30 19:28:00
user_051,11782.18,2024-02-02 15:33:00
user_051,106.22,2024-02-05 02:17:00
user_051,80.07,2024-02-08 16:07:00
user_051,98.14,2024-02-12 01:09:00
user_052,117.47,2024-01-16 00:13:00
user_052,120.38,2024-01-19 08:18:00
user_052,108.45,2024-01-20 04:24:00
user_052,11401.42,2024-01-24 03:25:00
user_052,125.64,2024-01-24 06:49:00
user_052,106.8,2024-01-25 03:00:00
user_052,104.62,2024-01-27 23:02:00
user_052,121.16,2024-01-28 00:29:00
user_052,152.43,2024-01-30 23:27:00
user_052,147.49,2024-01-31 17:53:00
user_052,163.52,2024-02-01 22:14:00
user_052,10757.59,2024-02-02 12:45:00
user_052,138.05,2024-02-05 11:04:00
user_052,187.77,2024-02-13 02:55:00
user_053,10104.83,2024-01-18 16:32:00
user_053,187.57,2024-01-26 02:27:00
user_053,177.17,2024-01-28 18:25:00
user_053,116.87,2024-01-31 02:25:00
user_053,7215.72,2024-02-08 05:04:00
user_053,101.12,2024-02-09 19:29:00
user_053,154.97,2024-02-10 22:58:00
user_053,66.53,2024-02-11 03:15:00
user_053,178.53,2024-02-11 09:47:00
user_053,175.05,2024-02-14 10:10:00
user_054,68.62,2024-01-19 07:06:00
user_054,152.4,2024-01-19 08:12:00
user_054,162.99,2024-01-20 19:09:00
user_054,181.93,2024-01-20 20:31:00
user_054,66.92,2024-01-29 18:48:00
user_054,9397.63,2024-01-30 14:40:00
user_054,146.7,2024-02-02 14:43:00
user_054,13642.47,2024-02-04 10:09:00
user_054,59.76,2024-02-07 20:52:00
user_054,104.78,2024-02-08 20:04:00
user_054,111.84,2024-02-12 11:22:00
user_055,117.41,2024-01-16 11:32:00
user_055,176.49,2024-01-16 14:58:00
user_055,152.37,2024-01-17 09:29:00
user_055,130.77,2024-01-26 09:04:00
user_055,106.98,2024-01-29 01:03:00
user_055,191.78,2024-01-29 18:35:00
user_055,8215.27,2024-01-30 16:09:00
user_055,121.16,2024-02-03 16:24:00
user_055,200.31,2024-02-04 02:39:00
user_055,89.45,2024-02-09 08:37:00
user_055,93.51,2024-02-14 23:57:00
user_056,110.16,2024-01-17 16:41:00
user_056,178.85,2024-01-20 01:15:00
user_056,119.8,2024-01-20 11:23:00
user_056,222.08,2024-01-29 03:51:00
user_056,168.56,2024-01-31 16:39:00
user_056,12892.27,2024-02-04 10:04:00
user_056,12744.65,2024-02-05 19:03:00
user_056,139.85,2024-02-06 14:28:00
user_056,26.42,2024-02-12 10:45:00
user_056,154.33,2024-02-13 09:24:00
user_057,129.41,2024-01-17 18:42:00
user_057,142.22,2024-01-18 17:43:00
user_057,125.62,2024-01-19 11:19:00
user_057,164.49,2024-01-24 17:24:00
user_057,208.39,2024-01-27 09:16:00
user_057,166.88,2024-02-03 04:21:00
user_057,128.95,2024-02-03 22:05:00
user_057,169.72,2024-02-05 12:08:00
user_057,14471.09,2024-02-05 16:05:00
user_057,13131.85,2024-02-05 22:53:00
user_057,162.72,2024-02-07 21:58:00
user_057,128.37,2024-02-14 20:44:00
user_058,48.09,2024-01-17 09:54:00
user_058,6542.53,2024-01-20 22:49:00
user_058,129.6,2024-01-22 04:09:00
user_058,193.56,2024-01-26 09:11:00
user_058,253.77,2024-01-31 11:01:00
user_058,150.92,2024-02-05 10:56:00
user_058,132.42,2024-02-07 16:02:00
user_058,56.46,2024-02-08 17:53:00
user_058,233.82,2024-02-08 19:08:00
user_058,99.6,2024-02-09 03:32:00
user_058,11247.4,2024-02-12 05:46:00
user_058,133.7,2024-02-14 06:21:00
user_058,210.06,2024-02-14 15:12:00
user_059,166.35,2024-01-16 13:23:00
user_059,188.54,2024-01-22 09:51:00
user_059,181.64,2024-01-27 16:33:00
user_059,161.78,2024-01-29 07:34:00
user_059,129.24,2024-01-29 09:49:00
user_059,191.47,2024-01-29 19:18:00
user_059,166.92,2024-02-05 18:28:00
user_059,139.04,2024-02-05 23:15:00
user_059,39.44,2024-02-08 23:50:00
user_059,76.07,2024-02-09 15:57:00
user_059,207.19,2024-02-10 06:23:00
user_059,14662.68,2024-02-10 06:51:00
user_059,11046.63,2024-02-11 08:03:00
user_060,173.95,2024-01-15 13:03:00
user_060,8861.66,2024-01-17 11:14:00
user_060,127.03,2024-01-18 09:05:00
user_060,166.68,2024-01-27 16:23:00
user_060,126.12,2024-01-29 11:59:00
user_060,191.52,2024-01-29 16:09:00
user_060,107.51,2024-02-08 05:17:00
user_060,107.2,2024-02-10 13:05:00
user_060,263.53,2024-02-11 11:35:00
user_060,162.41,2024-02-11 16:54:00
user_060,159.09,2024-02-13 03:45:00
user_060,153.58,2024-02-14 07:52:00
user_061,101.06,2024-01-16 09:58:00
user_061,5190.04,2024-01-21 04:35:00
user_061,201.88,2024-01-25 03:53:00
user_061,103.89,2024-02-03 00:57:00
user_061,187.85,2024-02-06 15:28:00
user_061,124.5,2024-02-06 20:21:00
user_061,136.51,2024-02-09 04:08:00
user_061,168.87,2024-02-10 04:48:00
user_061,127.79,2024-02-10 15:44:00
user_062,87.77,2024-01-17 03:53:00
user_062,14746.54,2024-01-17 16:34:00
user_062,243.84,2024-01-22 13:40:00
user_062,170.67,2024-01-24 03:03:00
user_062,93.73,2024-01-26 07:36:00
user_062,164.0,2024-01-28 00:39:00
user_062,193.48,2024-01-31 13:07:00
user_062,182.72,2024-01-31 18:15:00
user_062,224.8,2024-02-01 00:40:00
user_062,6873.14,2024-02-05 02:33:00
user_062,147.22,2024-02-06 04:18:00
user_062,217.78,2024-02-08 09:15:00
user_062,111.31,2024-02-09 19:29:00
user_062,61.06,2024-02-12 15:38:00
user_063,156.46,2024-01-15 12:55:00
user_063,13114.98,2024-01-17 22:49:00
user_063,110.48,2024-01-22 23:42:00
user_063,217.27,2024-01-25 04:02:00
user_063,229.66,2024-01-26 17:21:00
user_063,186.29,2024-01-27 11:16:00
user_063,155.47,2024-01-30 01:40:00
user_063,14808.19,2024-01-30 20:11:00
user_063,244.1,2024-02-02 23:48:00
user_063,173.57,2024-02-04 03:49:00
user_063,174.05,2024-02-07 00:22:00
user_063,161.19,2024-02-09 02:22:00
user_063,272.29,2024-02-09 16:35:00
user_063,124.44,2024-02-10 20:11:00
user_064,143.71,2024-01-16 06:56:00
user_064,100.52,2024-01-16 09:12:00
user_064,152.79,2024-01-16 10:59:00
user_064,67.26,2024-01-18 11:27:00
user_064,226.48,2024-01-23 01:48:00
user_064,204.71,2024-01-24 16:25:00
user_064,128.66,2024-01-26 01:55:00
user_064,13946.37,2024-01-27 10:11:00
user_064,9962.03,2024-01-30 11:59:00
user_064,142.1,2024-02-04 06:18:00
user_064,99.39,2024-02-04 10:17:00
user_064,65.38,2024-02-10 17:30:00
user_064,191.16,2024-02-12 12:47:00
user_065,6599.87,2024-01-15 04:54:00
user_065,233.45,2024-01-17 10:42:00
user_065,137.71,2024-01-20 22:28:00
user_065,153.67,2024-01-23 02:46:00
user_065,137.02,2024-01-24 09:28:00
user_065,133.21,2024-01-24 10:06:00
user_065,136.36,2024-01-26 14:02:00
user_065,85.5,2024-01-28 02:27:00
user_065,147.29,2024-01-28 08:40:00
user_065,85.25,2024-02-03 05:34:00
user_065,74.84,2024-02-03 22:27:00
user_065,15.16,2024-02-07 11:39:00
user_065,138.45,2024-02-09 01:04:00
user_065,8633.11,2024-02-09 23:43:00
user_066,94.67,2024-01-16 19:09:00
user_066,150.7,2024-01-17 18:08:00
user_066,14135.43,2024-01-18 08:49:00
user_066,242.45,2024-01-19 02:15:00
user_066,142.78,2024-01-22 03:01:00
user_066,159.9,2024-01-25 20:17:00
user_066,136.56,2024-01-26 12:36:00
user_066,152.96,2024-01-26 14:48:00
user_066,7602.9,2024-01-29 06:39:00
user_066,148.79,2024-01-31 11:25:00
user_066,184.81,2024-02-05 14:02:00
user_066,278.67,2024-02-05 14:23:00
user_066,121.32,2024-02-07 05:31:00
user_066,206.33,2024-02-08 20:23:00
user_067,122.83,2024-01-17 14:11:00
user_067,155.32,2024-01-17 21:54:00
user_067,148.36,2024-01-18 04:54:00
user_067,204.58,2024-01-24 05:45:00
user_067,137.25,2024-01-25 21:22:00
user_067,12936.96,2024-01-31 07:07:00
user_067,17.45,2024-02-01 09:57:00
user_067,225.2,2024-02-06 02:35:00
user_067,122.66,2024-02-06 15:12:00
user_067,212.3,2024-02-06 22:40:00
user_067,114.36,2024-02-12 22:28:00
user_068,237.61,2024-01-24 12:45:00
user_068,6253.27,2024-01-25 20:04:00
user_068,79.62,2024-01-26 14:51:00
user_068,131.43,2024-01-26 17:36:00
user_068,213.58,2024-01-28 13:52:00
user_068,111.11,2024-02-01 04:39:00
user_068,196.78,2024-02-07 15:33:00
user_068,46.33,2024-02-09 04:15:00
user_068,132.87,2024-02-09 15:01:00
user_068,94.47,2024-02-12 02:04:00
user_069,137.98,2024-01-18 16:09:00
user_069,131.95,2024-01-24 02:16:00
user_069,131.26,2024-01-24 05:10:00
user_069,185.55,2024-01-25 22:14:00
user_069,93.55,2024-01-26 04:56:00
user_069,172.21,2024-01-26 16:57:00
user_069,186.08,2024-01-29 21:33:00
user_069,185.65,2024-01-31 01:53:00
user_069,11350.57,2024-02-01 08:08:00
user_069,174.47,2024-02-02 05:49:00
user_069,123.77,2024-02-10 17:40:00
user_069,88.89,2024-02-14 04:27:00
user_070,196.2,2024-01-16 20:49:00
user_070,179.66,2024-01-20 21:39:00
user_070,123.86,2024-01-21 18:26:00
user_070,95.95,2024-01-31 20:10:00
user_070,140.75,2024-02-02 08:41:00
user_070,180.8,2024-02-02 18:09:00
user_070,207.97,2024-02-03 17:05:00
user_070,9980.38,2024-02-04 17:18:00
user_070,134.52,2024-02-07 19:21:00
user_070,87.44,2024-02-10 00:05:00
user_070,166.31,2024-02-10 18:02:00
user_071,160.55,2024-01-19 11:32:00
user_071,79.58,2024-01-24 14:04:00
user_071,8191.16,2024-01-29 03:17:00
user_071,85.98,2024-01-29 06:21:00
user_071,180.3,2024-01-29 13:30:00
user_071,202.45,2024-01-30 07:51:00
user_071,237.74,2024-02-03 04:20:00
user_071,72.17,2024-02-06 01:10:00
user_071,234.82,2024-02-07 11:25:00
user_071,114.78,2024-02-09 21:25:00
user_071,45.9,2024-02-11 22:20:00
user_072,122.75,2024-01-16 09:24:00
user_072,165.39,2024-01-17 12:32:00
user_072,157.52,2024-01-20 15:32:00
user_072,145.16,2024-01-22 04:06:00
user_072,148.12,2024-01-22 05:52:00
user_072,147.15,2024-01-24 15:01:00
user_072,5486.58,2024-01-24 15:38:00
user_072,155.71,2024-01-25 06:48:00
user_072,205.17,2024-01-25 18:46:00
user_072,64.49,2024-01-29 07:13:00
user_072,131.82,2024-01-29 15:56:00
user_072,13823.39,2024-02-04 21:30:00
user_072,169.96,2024-02-11 19:26:00
user_073,150.92,2024-01-16 12:03:00
user_073,111.08,2024-01-17 12:32:00
user_073,6286.63,2024-01-18 12:23:00
user_073,187.16,2024-01-18 13:08:00
user_073,140.8,2024-01-26 12:23:00
user_073,123.01,2024-01-26 17:18:00
user_073,159.79,2024-01-29 17:17:00
user_073,82.59,2024-02-01 00:54:00
user_073,167.38,2024-02-02 17:12:00
user_073,101.08,2024-02-10 19:43:00
user_073,158.54,2024-02-12 08:46:00
user_074,173.63,2024-01-16 01:02:00
user_074,64.87,2024-01-19 06:38:00
user_074,162.8,2024-01-19 22:21:00
user_074,86.02,2024-01-20 12:39:00
user_074,57.96,2024-01-25 19:20:00
user_074,233.27,2024-01-29 04:38:00
user_074,201.46,2024-01-31 12:32:00
user_074,10937.25,2024-01-31 16:34:00
user_074,170.41,2024-02-01 11:48:00
user_074,9898.47,2024-02-02 09:30:00
user_074,199.13,2024-02-09 15:33:00
user_074,200.72,2024-02-12 16:08:00
user_075,151.3,2024-01-18 13:37:00
user_075,79.67,2024-01-22 23:03:00
user_075,175.88,2024-01-24 23:55:00
user_075,118.76,2024-01-26 10:43:00
user_075,12746.06,2024-01-27 04:52:00
user_075,159.34,2024-02-03 15:16:00
user_075,6705.12,2024-02-04 23:39:00
user_075,113.71,2024-02-06 20:01:00
user_075,119.42,2024-02-08 18:36:00
user_075,112.23,2024-02-14 20:50:00
user_076,103.84,2024-01-16 18:44:00
user_076,159.24,2024-01-16 22:08:00
user_076,82.42,2024-01-18 06:01:00
user_076,202.68,2024-01-19 13:44:00
user_076,8137.53,2024-01-20 14:58:00
user_076,102.53,2024-01-21 13:32:00
user_076,101.21,2024-01-29 10:26:00
user_076,14981.23,2024-01-30 16:24:00
user_076,174.67,2024-01-30 23:46:00
user_076,107.08,2024-01-31 06:35:00
user_076,281.62,2024-02-08 19:58:00
user_077,13046.16,2024-01-24 01:18:00
user_077,185.39,2024-01-24 03:36:00
user_077,148.25,2024-01-24 22:13:00
user_077,118.65,2024-01-25 15:22:00
user_077,185.02,2024-01-25 17:22:00
user_077,13957.6,2024-01-27 11:49:00
user_077,207.46,2024-02-01 09:14:00
user_077,240.62,2024-02-01 23:17:00
user_077,278.0,2024-02-03 15:12:00
user_077,156.1,2024-02-04 22:16:00
user_077,121.22,2024-02-05 23:43:00
user_077,238.54,2024-02-06 22:31:00
user_077,145.2,2024-02-14 07:17:00
user_077,114.84,2024-02-14 09:49:00
user_078,11379.45,2024-01-16 03:26:00
user_078,113.64,2024-01-19 03:39:00
user_078,198.63,2024-01-21 06:52:00
user_078,146.28,2024-01-22 01:42:00
user_078,181.62,2024-01-23 23:30:00
user_078,121.88,2024-01-26 14:41:00
user_078,181.09,2024-02-01 08:59:00
user_078,71.49,2024-02-01 22:17:00
user_078,137.62,2024-02-07 18:15:00
user_079,169.01,2024-01-20 13:41:00
user_079,14132.3,2024-01-20 13:56:00
user_079,191.7,2024-01-24 20:03:00
user_079,146.49,2024-02-02 07:34:00
user_079,177.99,2024-02-04 06:48:00
user_079,158.89,2024-02-05 04:00:00
user_079,181.03,2024-02-06 15:06:00
user_079,172.96,2024-02-13 02:41:00
user_079,180.53,2024-02-13 15:30:00
user_079,204.04,2024-02-14 09:20:00
user_079,83.23,2024-02-14 17:59:00
user_080,86.16,2024-01-16 00:19:00
user_080,171.48,2024-01-27 15:11:00
user_080,13510.6,2024-01-29 08:12:00
user_080,148.02,2024-01-29 20:34:00
user_080,184.08,2024-01-31 15:56:00
user_080,95.95,2024-02-02 19:06:00
user_080,66.95,2024-02-13 01:53:00
user_080,163.58,2024-02-13 09:56:00
user_080,202.66,2024-02-13 10:18:00
user_080,160.38,2024-02-13 23:55:00
user_081,154.81,2024-01-24 18:43:00
user_081,151.42,2024-01-25 05:46:00
user_081,134.54,2024-01-27 13:32:00
user_081,151.49,2024-01-29 20:16:00
user_081,14816.85,2024-01-30 10:59:00
user_081,128.28,2024-02-03 20:57:00
user_081,5867.38,2024-02-05 03:11:00
user_081,196.91,2024-02-06 05:00:00
user_081,124.2,2024-02-07 10:50:00
user_081,126.89,2024-02-08 06:11:00
user_082,161.11,2024-01-15 08:24:00
user_082,140.66,2024-01-15 08:41:00
user_082,222.35,2024-01-16 21:07:00
user_082,11146.25,2024-01-22 04:30:00
user_082,126.06,2024-01-22 14:48:00
user_082,212.79,2024-01-23 10:19:00
user_082,128.01,2024-01-26 22:15:00
user_082,201.59,2024-01-27 21:32:00
user_082,159.83,2024-01-29 09:10:00
user_082,105.27,2024-02-02 23:36:00
user_082,11902.9,2024-02-04 09:23:00
user_083,203.27,2024-01-21 07:43:00
user_083,131.86,2024-01-26 02:58:00
user_083,163.35,2024-01-26 13:44:00
user_083,264.94,2024-01-29 16:45:00
user_083,75.72,2024-01-29 23:38:00
user_083,194.48,2024-02-01 15:48:00
user_083,5617.58,2024-02-01 16:12:00
user_083,154.11,2024-02-01 21:52:00
user_083,124.14,2024-02-08 19:55:00
user_083,220.47,2024-02-09 02:33:00
user_084,148.27,2024-01-15 12:16:00
user_084,10783.11,2024-01-16 13:22:00
user_084,128.99,2024-01-17 16:28:00
user_084,228.98,2024-01-18 21:13:00
user_084,82.78,2024-01-19 16:26:00
user_084,222.67,2024-01-25 16:28:00
user_084,104.07,2024-01-29 18:03:00
user_084,127.72,2024-02-01 04:10:00
user_084,99.79,2024-02-01 14:43:00
user_084,123.86,2024-02-06 18:31:00
user_084,135.91,2024-02-09 01:29:00
user_084,111.61,2024-02-09 09:46:00
user_084,161.71,2024-02-10 00:47:00
user_085,147.53,2024-01-19 20:46:00
user_085,139.3,2024-01-28 05:49:00
user_085,199.22,2024-01-30 01:18:00
user_085,227.53,2024-02-01 01:59:00
user_085,183.74,2024-02-04 13:23:00
user_085,11827.3,2024-02-05 17:08:00
user_085,169.12,2024-02-11 12:24:00
user_085,100.08,2024-02-12 02:59:00
user_085,93.86,2024-02-12 12:28:00
user_086,272.77,2024-01-15 00:19:00
user_086,158.32,2024-01-18 05:34:00
user_086,118.13,2024-01-23 06:59:00
user_086,118.84,2024-01-27 07:15:00
user_086,174.62,2024-01-27 16:08:00
user_086,122.23,2024-01-29 11:09:00
user_086,118.11,2024-01-29 21:46:00
user_086,123.45,2024-02-01 13:34:00
user_086,5322.17,2024-02-05 13:39:00
user_086,164.46,2024-02-07 07:53:00
user_086,209.45,2024-02-12 23:48:00
user_087,121.46,2024-01-18 19:02:00
user_087,160.15,2024-01-21 01:08:00
user_087,221.03,2024-01-22 06:04:00
user_087,8206.65,2024-01-24 04:42:00
user_087,181.65,2024-01-29 07:34:00
user_087,108.38,2024-01-29 19:43:00
user_087,74.21,2024-01-31 09:14:00
user_087,173.57,2024-02-06 01:15:00
user_087,122.39,2024-02-07 01:25:00
user_087,10774.75,2024-02-08 21:52:00
user_088,110.09,2024-01-19 09:24:00
user_088,81.03,2024-01-20 17:30:00
user_088,113.45,2024-01-22 07:19:00
user_088,227.38,2024-01-22 13:19:00
user_088,239.79,2024-01-23 01:35:00
user_088,250.51,2024-01-27 16:20:00
user_088,166.72,2024-01-30 01:22:00
user_088,164.29,2024-02-05 13:35:00
user_088,141.15,2024-02-06 13:26:00
user_088,130.61,2024-02-07 05:40:00
user_088,13057.76,2024-02-13 01:35:00
user_088,119.36,2024-02-14 18:56:00
user_088,182.93,2024-02-14 20:42:00
user_089,124.12,2024-01-22 08:13:00
user_089,123.46,2024-01-23 12:43:00
user_089,161.19,2024-01-25 20:05:00
user_089,209.42,2024-01-26 02:34:00
user_089,239.73,2024-01-31 04:24:00
user_089,125.53,2024-02-03 19:02:00
user_089,276.35,2024-02-07 06:03:00
user_089,184.09,2024-02-09 18:46:00
user_089,202.21,2024-02-11 02:12:00
user_089,9793.94,2024-02-11 10:19:00
user_089,149.18,2024-02-13 14:54:00
user_089,148.34,2024-02-14 13:35:00
user_090,179.2,2024-01-18 23:48:00
user_090,242.34,2024-01-21 06:47:00
user_090,191.02,2024-01-25 09:24:00
user_090,203.33,2024-01-26 09:16:00
user_090,205.44,2024-01-27 07:35:00
user_090,175.36,2024-01-29 17:41:00
user_090,132.04,2024-01-30 07:44:00
user_090,10128.17,2024-01-30 14:06:00
user_090,179.53,2024-02-03 22:13:00
user_090,13028.17,2024-02-07 15:48:00
user_091,141.64,2024-01-19 00:16:00
user_091,109.15,2024-01-19 06:21:00
user_091,168.43,2024-01-22 12:36:00
user_091,219.11,2024-01-25 13:02:00
user_091,11416.94,2024-01-30 14:10:00
user_091,157.34,2024-02-01 18:37:00
user_091,151.44,2024-02-01 20:43:00
user_091,182.44,2024-02-02 07:47:00
user_091,210.33,2024-02-07 13:18:00
user_091,130.33,2024-02-10 07:31:00
user_091,7573.27,2024-02-10 15:46:00
user_091,208.46,2024-02-13 06:23:00
user_092,162.47,2024-01-15 06:32:00
user_092,258.16,2024-01-15 13:08:00
user_092,187.31,2024-01-16 02:52:00
user_092,160.96,2024-01-17 22:09:00
user_092,213.92,2024-01-20 04:46:00
user_092,159.55,2024-02-01 15:11:00
user_092,8732.01,2024-02-03 20:42:00
user_092,182.27,2024-02-05 01:48:00
user_092,134.61,2024-02-10 20:14:00
user_092,14339.04,2024-02-13 15:42:00
user_092,152.32,2024-02-13 17:41:00
user_092,82.01,2024-02-14 01:33:00
user_093,228.87,2024-01-15 00:34:00
user_093,163.95,2024-01-15 16:46:00
user_093,159.33,2024-01-15 16:52:00
user_093,98.67,2024-01-19 07:12:00
user_093,180.39,2024-01-23 17:18:00
user_093,145.24,2024-02-01 13:00:00
user_093,156.65,2024-02-03 16:16:00
user_093,10650.02,2024-02-06 07:19:00
user_093,127.68,2024-02-06 21:27:00
user_093,159.7,2024-02-09 05:06:00
user_093,114.99,2024-02-10 11:17:00
user_093,203.68,2024-02-13 03:33:00
user_093,5790.19,2024-02-14 12:29:00
user_094,228.28,2024-01-15 22:10:00
user_094,73.84,2024-01-16 02:25:00
user_094,146.71,2024-01-17 15:54:00
user_094,244.06,2024-01-25 18:54:00
user_094,122.05,2024-01-27 12:35:00
user_094,122.24,2024-01-28 20:50:00
user_094,168.86,2024-01-30 01:40:00
user_094,209.75,2024-02-04 20:48:00
user_094,13947.91,2024-02-13 01:14:00
user_095,172.0,2024-01-16 02:43:00
user_095,185.42,2024-01-16 05:59:00
user_095,85.98,2024-01-19 22:52:00
user_095,14288.75,2024-01-24 05:36:00
user_095,98.94,2024-02-01 18:42:00
user_095,40.06,2024-02-02 15:17:00
user_095,7404.72,2024-02-10 12:43:00
user_095,162.19,2024-02-11 10:01:00
user_095,77.6,2024-02-12 22:56:00
user_095,124.9,2024-02-13 08:57:00
user_095,121.8,2024-02-14 06:37:00
user_096,96.5,2024-01-16 03:27:00
user_096,7464.5,2024-01-17 02:17:00
user_096,73.72,2024-01-22 02:21:00
user_096,193.62,2024-01-25 12:48:00
user_096,167.6,2024-01-26 17:24:00
user_096,147.72,2024-01-27 10:01:00
user_096,87.42,2024-01-28 05:43:00
user_096,137.94,2024-01-29 15:14:00
user_096,242.33,2024-01-31 23:22:00
user_096,5856.94,2024-02-03 09:51:00
user_096,115.4,2024-02-03 19:38:00
user_096,162.17,2024-02-04 08:50:00
user_096,145.04,2024-02-06 23:05:00
user_096,182.51,2024-02-07 04:50:00
user_097,167.14,2024-01-18 02:00:00
user_097,172.39,2024-01-19 02:11:00
user_097,178.49,2024-01-26 08:06:00
user_097,5262.62,2024-01-26 17:05:00
user_097,205.86,2024-01-27 10:23:00
user_097,222.19,2024-01-27 22:50:00
user_097,182.14,2024-01-28 14:35:00
user_097,216.46,2024-02-01 16:26:00
user_097,145.89,2024-02-04 04:47:00
user_097,172.84,2024-02-14 09:28:00
user_098,222.01,2024-01-17 23:57:00
user_098,115.95,2024-01-20 13:17:00
user_098,10938.06,2024-01-21 14:06:00
user_098,78.46,2024-01-23 09:17:00
user_098,185.45,2024-01-27 00:18:00
user_098,147.99,2024-01-27 05:08:00
user_098,192.03,2024-01-28 09:30:00
user_098,145.51,2024-01-28 12:49:00
user_098,156.41,2024-01-30 04:04:00
user_098,240.05,2024-01-31 05:43:00
user_098,116.18,2024-02-01 07:36:00
user_098,159.83,2024-02-03 10:55:00
user_098,14442.22,2024-02-07 20:31:00
user_098,117.37,2024-02-09 02:23:00
user_099,188.02,2024-01-19 09:20:00
user_099,127.69,2024-01-24 00:25:00
user_099,12819.74,2024-01-25 12:17:00
user_099,28.81,2024-01-25 13:52:00
user_099,55.52,2024-01-25 19:24:00
user_099,171.27,2024-01-30 10:11:00
user_099,189.29,2024-02-03 22:12:00
user_099,12348.74,2024-02-04 15:36:00
user_099,127.38,2024-02-09 10:28:00
user_099,70.8,2024-02-10 20:38:00
user_099,101.65,2024-02-14 12:20:00
user_100,115.9,2024-01-24 07:16:00
user_100,147.61,2024-01-26 03:59:00
user_100,151.34,2024-01-29 09:53:00
user_100,137.64,2024-01-30 04:40:00
user_100,92.08,2024-02-01 05:43:00
user_100,149.82,2024-02-02 06:37:00
user_100,160.42,2024-02-06 02:52:00
user_100,225.17,2024-02-08 17:01:00
user_100,12152.36,2024-02-09 12:04:00
user_100,47.91,2024-02-11 13:43:00
user_100,138.95,2024-02-14 22:13:00
user_100,193.87,2024-02-14 23:29:00
